cornerstone_investor,stock_code,company_name
3W Fund,01304,"Fortior Technology (Shenzhen) Co., Ltd.- H shares"
3W Fund,01879,"Shanghai Xizhi Technology Co., Ltd. - P - H Shares"
3W Fund,02676,"Suzhou Novosense Microelectronics Co., Ltd. - H shares"
3W Fund,03296,"Huaqin Co., Ltd. - H Shares"
3W Fund Management Limited,02050,"Zhejiang Sanhua Intelligent Controls Co., Ltd. - H shares"
3W Fund Management Limited,03277,Gpixel Changchun Microelectronics Inc. - H Shares
3W Fund Management Limited,03986,GigaDevice Semiconductor Inc. - H shares
3W Fund Management Limited,06082,"Shanghai Biren Technology Co., Ltd.- H shares"
3W Fund Management Limited,06166,"CIG SHANGHAI CO., LTD. - H shares"
3W Fund Management Limited,06656,"Sigenergy Technology Co., Ltd. - H Shares"
3W Fund Management Limited,06687,JST Group Corporation Limited
abrdn Asia Limited,06809,"Montage Technology Co., Ltd. - H shares"
Abstract Enigma Limited,00100,MiniMax Group Inc. - W - P
Abstract Enigma Limited,03750,"Contemporary Amperex Technology Co., Limited - H shares"
Abu Dhabi Investment Authority,00100,MiniMax Group Inc. - W - P
Abu Dhabi Investment Authority,02675,"Shenzhen Edge Medical Co., Ltd.- B - H shares"
Action Chain International Limited,06831,Green Tea Group Limited
Aether Wave Fund L.P.,03355,FS.COM Ltd. - H Shares
AGIC Partners Holding (Cayman) II Limited,06809,"Montage Technology Co., Ltd. - H shares"
AIM,07618,"JINGDONG Industrials, Inc."
"AKESO,INC.",02617,"TransThera Sciences (Nanjing), Inc. - B - H shares"
Al-Rayyan Holding LLC,09980,"Eastroc Beverage (Group) Co., Ltd. - H shares"
Alibaba Investment,01879,"Shanghai Xizhi Technology Co., Ltd. - P - H Shares"
Alisoft China Holding Limited,00100,MiniMax Group Inc. - W - P
Alisoft China Holding Limited,06809,"Montage Technology Co., Ltd. - H shares"
Allianz Global Investors Asia Pacific Limited,02543,"DAHON TECH (SHENZHEN) CO., LTD. - H shares"
Alphahill Capital Limited,00600,"Axera Semiconductor Co., Ltd. - H shares"
Alphahill Capital Limited,09903,"Shanghai Iluvatar CoreX Semiconductor Co., Ltd. - H shares"
Alphahill Future Fund,03317,"Shenzhen Xunce Technology Co., Ltd.- H shares"
Alpine Investment Management Limited,06166,"CIG SHANGHAI CO., LTD. - H shares"
Amazing Mountain Limited,09980,"Eastroc Beverage (Group) Co., Ltd. - H shares"
"Anhui Shengchang Chemical Co., Ltd.",02560,"Anhui Conch Material Technology Co., Ltd. - H shares"
Anji Liangshan Rural Revitalization Equity Investment Partnership (Limited Partnership),06831,Green Tea Group Limited
"AnkeBio (Hong Kong) Co., Limited",02659,"Shanghai Bao Pharmaceuticals Co., Ltd. - B - H shares"
"AnkeBio (HongKong) Co., Limited",02561,VISEN Pharmaceuticals -B
Aqua Ocean Limited,06166,"CIG SHANGHAI CO., LTD. - H shares"
Aranda Investments Pte. Ltd,06656,"Sigenergy Technology Co., Ltd. - H Shares"
Aranda Investments Pte. Ltd.,06031,"SANY HEAVY INDUSTRY CO., LTD. - H shares"
Arc Avenue Asset Management Pte. Ltd.,02259,Zijin Gold International Company Limited
Arc Avenue Asset Management Pte. Ltd.,02590,"Beijing Geekplus Technology Co., Ltd. - W - H shares"
Arc Avenue Asset Management Pte. Ltd.,02698,Softcare Limited
Arc Avenue Asset Management Pte. Ltd.,03277,Gpixel Changchun Microelectronics Inc. - H Shares
Arc Avenue Asset Management Pte. Ltd.,06166,"CIG SHANGHAI CO., LTD. - H shares"
Arc Avenue Asset Management Pte. Ltd.,06938,"Suzhou Ribo Life Science Co., Ltd. - B - H shares"
Arcane Nexus Limited,02698,Softcare Limited
Aspex,01879,"Shanghai Xizhi Technology Co., Ltd. - P - H Shares"
Aspex Master Fund,00100,MiniMax Group Inc. - W - P
Aspex Master Fund,00470,"WUXI LEAD INTELLIGENT EQUIPMENT CO., LTD. - H shares"
Aspex Master Fund,06082,"Shanghai Biren Technology Co., Ltd.- H shares"
Aspex Master Fund,06809,"Montage Technology Co., Ltd. - H shares"
Aspirational China Growth GP Limited,06082,"Shanghai Biren Technology Co., Ltd.- H shares"
Athos Capital Limited,02026,Pony AI Inc. - W
Aurora SF,03296,"Huaqin Co., Ltd. - H Shares"
Awaken Thunder Capital Limited,03378,"Hanx Biopharmaceuticals (Wuhan) Co., Ltd. - B - H shares"
Awinic Technology Limited,03296,"Huaqin Co., Ltd. - H Shares"
AXA Investment Managers UK Limited,06656,"Sigenergy Technology Co., Ltd. - H Shares"
Azure Skylines Limited,09980,"Eastroc Beverage (Group) Co., Ltd. - H shares"
BA HM Limited,02698,Softcare Limited
BA Sprout Limited,02698,Softcare Limited
Baillie Gifford,01879,"Shanghai Xizhi Technology Co., Ltd. - P - H Shares"
Baillie Gifford & Co,02259,Zijin Gold International Company Limited
Baillie Gifford Overseas Limited,02259,Zijin Gold International Company Limited
Baoyue Lake Shenzhen Industrial Investment Win-Win Enterprise Management Limited,03268,"MeiG Smart Technology Co., Ltd. - H Shares"
Baring Asset Management (Asia) Limited,01989,Delton Technology (Guangzhou) Inc. - H Shares
Baring Asset Management (Asia) Limited,06166,"CIG SHANGHAI CO., LTD. - H shares"
Baring Asset Management (Asia) Limited,06656,"Sigenergy Technology Co., Ltd. - H Shares"
Baring Asset Management (Asia) Limited,06809,"Montage Technology Co., Ltd. - H shares"
Beijing Denov Ruilang Phase XV Equity Investment Fund Center,02575,"Xuanzhu Biopharmaceutical Co., Ltd. - B - H shares"
Beijing Shunao Business Information Consulting Partnership (Limited Partnership) (北京順澳商務信息諮詢合夥企業 (有限合夥)),02698,Softcare Limited
Beijing Xunrui Enterprise Management Partnership (Limited Partnership),02629,Mirxes Holding Company Limited - B
Beijing Yuanfeng Asset Management L.L.P.,03986,GigaDevice Semiconductor Inc. - H shares
BeingBoom Capital,02692,"Shenzhen Zhaowei Machinery & Electronics Co., Ltd. - H Shares"
BESS Broadway Limited,09927,"Seres Group Co., Ltd. - H shares"
BEST CHEER DEVELOPMENT LIMITED,09981,"Shenzhen Woer Heat-Shrinkable Material Co., Ltd. - H Shares"
BioNTech SE,09606,"Duality Biotherapeutics, Inc. - B"
Black Dragon AP SPV1,02476,"Victory Giant Technology (HuiZhou) Co., Ltd. - H Shares"
Black Dragon AP SPV1,06603,IFBH Limited
BlackRock,01768,"BUSY MING GROUP CO., LTD.- H shares"
BlackRock,01879,"Shanghai Xizhi Technology Co., Ltd. - P - H Shares"
BlackRock Funds,02259,Zijin Gold International Company Limited
BlackRock Funds,06031,"SANY HEAVY INDUSTRY CO., LTD. - H shares"
BlackRock Funds,09980,"Eastroc Beverage (Group) Co., Ltd. - H shares"
"Blue Lake Capital Opportunity Fund I, L.P.",06687,JST Group Corporation Limited
"Bosera Asset Management (International) Co., Limited",02476,"Victory Giant Technology (HuiZhou) Co., Ltd. - H Shares"
Bosera International,01768,"BUSY MING GROUP CO., LTD.- H shares"
Boyu Capital Management (Singapore) Pte. Ltd.,03277,Gpixel Changchun Microelectronics Inc. - H Shares
Bridge Zone Group,02692,"Shenzhen Zhaowei Machinery & Electronics Co., Ltd. - H Shares"
Bridge Zone Group Limited,03636,"Yunnan Jinxun Resources Co., Ltd. - H shares"
Bright Stone Holdings Limited,06938,"Suzhou Ribo Life Science Co., Ltd. - B - H shares"
Brilliant Partners Fund LP and China Core Fund,02788,Chuangxin Industries Holdings Limited
Burkehill,07618,"JINGDONG Industrials, Inc."
Caitong Funds SPC — Strategic Equity Fund III SP,03355,FS.COM Ltd. - H Shares
"CALB Group Co., Ltd.",02579,"CNGR Advanced Material Co., Ltd. - H shares"
Cao Ke,09881,"Rongta Technology (Xiamen) Group Co., Ltd. - H shares"
"CAPCHEM (HONGKONG) CO., LIMITED",09981,"Shenzhen Woer Heat-Shrinkable Material Co., Ltd. - H Shares"
Capital Management Limited,02259,Zijin Gold International Company Limited
Carl Wu / 吳啟楠,02508,SAINT BELLA Inc.
"CDH Emerging Markets Fund II, L.P.",02698,Softcare Limited
CDH Global Frontier Ventures Limited,03887,HashKey Holdings Limited
Cephei Capital Management (Hong Kong) Limited,02788,Chuangxin Industries Holdings Limited
CFIG Holdings Limited,09903,"Shanghai Iluvatar CoreX Semiconductor Co., Ltd. - H shares"
Changfeng Growth Equity Fund OFC,01333,"Breton Technology Co., Ltd.- H shares"
Charisma Mega Limited,02698,Softcare Limited
Charoen Pokphand Foods Public Company Limited,02714,"Muyuan Foods Co., Ltd. - H shares"
Charoen Pokphand Robot Limited,06082,"Shanghai Biren Technology Co., Ltd.- H shares"
Charoen Pokphand Robot Limited,06656,"Sigenergy Technology Co., Ltd. - H Shares"
Chau Tsang Cheong,03268,"MeiG Smart Technology Co., Ltd. - H Shares"
"Cheng A International Co., Limited",02768,"Qingdao Gon Technology Co., Ltd. - H shares"
Chia Tai Food Investment Company Limited,06831,Green Tea Group Limited
CHIL,02493,"Mabwell (Shanghai) Bioscience Co., Ltd. - B - H Shares"
China Alpha Fund Management (HK) Limited,09927,"Seres Group Co., Ltd. - H shares"
China Alpha Fund Management (HK) Ltd,02675,"Shenzhen Edge Medical Co., Ltd.- B - H shares"
China AMC,03696,InSilico Medicine Cayman TopCo
China Asset Management (Hong Kong) Limited,02508,SAINT BELLA Inc.
China Asset Management (Hong Kong) Limited,02675,"Shenzhen Edge Medical Co., Ltd.- B - H shares"
China Asset Management (Hong Kong) Limited,02698,Softcare Limited
China Asset Management (Hong Kong) Limited,03636,"Yunnan Jinxun Resources Co., Ltd. - H shares"
China Asset Management (Hong Kong) Limited,09903,"Shanghai Iluvatar CoreX Semiconductor Co., Ltd. - H shares"
"China Asset Management Co., Ltd.",03277,Gpixel Changchun Microelectronics Inc. - H Shares
"China Asset Management Co., Ltd.",06938,"Suzhou Ribo Life Science Co., Ltd. - B - H shares"
"CHINA CINDA ASSET MANAGEMENT CO., LIMITED",03858,Jiaxin International Resources Investment Limited
China Hongqiao Group Limited,02788,Chuangxin Industries Holdings Limited
China MeiDong Auto Holdings Limited,09927,"Seres Group Co., Ltd. - H shares"
China Merchants Securities Investment Management (Hong Kong) Company Limited,03277,Gpixel Changchun Microelectronics Inc. - H Shares
China Mobile International Holdings Limited,02571,"Beijing Saimo Technology Co., Ltd. - H shares"
China Orient Enhanced Income Fund,06810,"Shanghai Sunmi Technology Co., Ltd. - W - H Shares"
China Orient International Asset Management Limited — China Orient Enhanced Income Fund,09903,"Shanghai Iluvatar CoreX Semiconductor Co., Ltd. - H shares"
China Orient International Asset Management Limited — China Orient Multi-Strategy Master Fund,03277,Gpixel Changchun Microelectronics Inc. - H Shares
China Orient International Asset Management Limited — China Orient Multi-Strategy Master Fund,09903,"Shanghai Iluvatar CoreX Semiconductor Co., Ltd. - H shares"
China Pinnacle Equity Management Limited,01989,Delton Technology (Guangzhou) Inc. - H Shares
China Pinnacle Equity Management Limited,03288,Foshan Haitian Flavouring and Food Company Ltd. - H shares
China Pinnacle Equity Management Limited,03986,GigaDevice Semiconductor Inc. - H shares
China Post Insurance and PBOC WM,02580,"AUX ELECTRIC CO., LTD."
China Post Life Insurance Company Limited,02580,"AUX ELECTRIC CO., LTD."
"China Southern Asset Management Co., Ltd.",06082,"Shanghai Biren Technology Co., Ltd.- H shares"
"China Southern Asset Management Co., Ltd.",06603,IFBH Limited
"China Southern Asset Management Co., Ltd. (南方基金管理股份有限公司)",02698,Softcare Limited
China Universal Asset Management (Hong Kong) Company Limited,00100,MiniMax Group Inc. - W - P
China Universal Asset Management (Hong Kong) Company Limited,02259,Zijin Gold International Company Limited
China Universal Asset Management (Hong Kong) Company Limited,02595,GenFleet Therapeutics (Shanghai) Inc - B - H shares
China Universal Asset Management (Hong Kong) Company Limited,06687,JST Group Corporation Limited
China Universal Asset Management (Hong Kong) Company Limited,09903,"Shanghai Iluvatar CoreX Semiconductor Co., Ltd. - H shares"
"China Universal Asset Management Co., Ltd",06687,JST Group Corporation Limited
"China Universal Asset Management Co., Ltd.",09606,"Duality Biotherapeutics, Inc. - B"
China Universal Asset Management Company Limited,02259,Zijin Gold International Company Limited
China Universal Asset Management Company Limited,02595,GenFleet Therapeutics (Shanghai) Inc - B - H shares
China Winning Limited,03268,"MeiG Smart Technology Co., Ltd. - H Shares"
ChinaAMC (HK),01304,"Fortior Technology (Shenzhen) Co., Ltd.- H shares"
Chongqing Industrial Investment Parent Fund Enterprise Partnership (L.P.),09927,"Seres Group Co., Ltd. - H shares"
CICC Financial Trading Limited,03200,"Shenzhen Han’s CNC Technology Co., Ltd. - H shares"
CICC Financial Trading Limited,03750,"Contemporary Amperex Technology Co., Limited - H shares"
CICC Financial Trading Limited,06168,"Zhou Liu Fu Jewellery Co., Ltd. - H shares"
Cithara Global Multi-Strategy SPC - Bosideng Industry Investment Fund SP,06090,BUTONG GROUP
Cithara Global Multi-Strategy SPC – Bosideng Industry Investment Fund SP,03887,HashKey Holdings Limited
Cithara Global Multi-Strategy SPC – Bosideng Industry Investment Fund SP,06166,"CIG SHANGHAI CO., LTD. - H shares"
Cithara Global Multi-Strategy SPC — Bosideng Industry Investment Fund SP,03317,"Shenzhen Xunce Technology Co., Ltd.- H shares"
Cithara Global Multi-Strategy SPC — Bosideng Industry Investment Fund SP,06600,"OneRobotics (Shenzhen) Co., Ltd.- H shares"
Cithara Global Multi-Strategy SPC — Disruptive Innovation Investment Fund SP,03277,Gpixel Changchun Microelectronics Inc. - H Shares
CITIC Securities International,02259,Zijin Gold International Company Limited
CITIC Securities International Capital Management Limited,02595,GenFleet Therapeutics (Shanghai) Inc - B - H shares
CITIC Securities International Capital Management Limited,06693,"Chifeng Jilong Gold Mining Co., Ltd. - H shares"
Cloud Map,03296,"Huaqin Co., Ltd. - H Shares"
CloudAlpha Capital Management Limited,02476,"Victory Giant Technology (HuiZhou) Co., Ltd. - H Shares"
CloudAlpha Capital Management Limited,03986,GigaDevice Semiconductor Inc. - H shares
CloudAlpha Capital Management Limited,06166,"CIG SHANGHAI CO., LTD. - H shares"
Cloudview Capital Limited,02476,"Victory Giant Technology (HuiZhou) Co., Ltd. - H Shares"
CM Shanghai Fund,01879,"Shanghai Xizhi Technology Co., Ltd. - P - H Shares"
CMBC International,02692,"Shenzhen Zhaowei Machinery & Electronics Co., Ltd. - H Shares"
CNCB (Hong Kong) Investment Limited,02476,"Victory Giant Technology (HuiZhou) Co., Ltd. - H Shares"
Colorful Cloud Holdings Limited,02671,"USAS Building System (Shanghai) Co., Ltd. - H shares"
Commando Global Fund,02525,Hesai Group - W
Cordial Solar Limited,01276,"Jiangsu Hengrui Pharmaceuticals Co., Ltd. - H shares"
CoreView,07618,"JINGDONG Industrials, Inc."
"Cowealth Medical China Co., Ltd.",02581,BenQ BM Holding Cayman Corp.
CPE Energy Investment Limited,06656,"Sigenergy Technology Co., Ltd. - H Shares"
CPE Fir,01879,"Shanghai Xizhi Technology Co., Ltd. - P - H Shares"
CPE Investment,07618,"JINGDONG Industrials, Inc."
CPE Peepal Investment Limited,03277,Gpixel Changchun Microelectronics Inc. - H Shares
CPE Redwood Investment Limited,03750,"Contemporary Amperex Technology Co., Limited - H shares"
CPE River Investment Limited,02259,Zijin Gold International Company Limited
CPE Rosewood Investment Limited,02476,"Victory Giant Technology (HuiZhou) Co., Ltd. - H Shares"
CPIC,00638,Fibocom Wireless Inc. - H shares
CPIC Investment Management (H.K.) Company Limited,02259,Zijin Gold International Company Limited
CPIC Investment Management (H.K.) Company Limited,02788,Chuangxin Industries Holdings Limited
CPIC Investment Management (H.K.) Company Limited,03750,"Contemporary Amperex Technology Co., Limited - H shares"
CPIC Investment Management (H.K.) Company Limited,06656,"Sigenergy Technology Co., Ltd. - H Shares"
CR Construction Group Holdings Limited,00068,Manycore Tech Inc.
Da Cheng International,02692,"Shenzhen Zhaowei Machinery & Electronics Co., Ltd. - H Shares"
Da Cheng International Asset Management Company Limited,06938,"Suzhou Ribo Life Science Co., Ltd. - B - H shares"
Dacheng Fund Management Company Limited,06938,"Suzhou Ribo Life Science Co., Ltd. - B - H shares"
"Dajia Life Insurance Co., Ltd.",00501,"OmniVision Integrated Circuits Group, Inc. - H shares"
"Dajia Life Insurance Co., Ltd.",01989,Delton Technology (Guangzhou) Inc. - H Shares
"Dajia Life Insurance Co., Ltd.",02657,"SHANGHAI FOREST CABIN COSMETICS GROUP CO., LTD. - H shares"
"Dajia Life Insurance Co., Ltd.",02714,"Muyuan Foods Co., Ltd. - H shares"
"Dajia Life Insurance Co., Ltd.",06031,"SANY HEAVY INDUSTRY CO., LTD. - H shares"
"Dajia Life Insurance Co., Ltd.",09973,"Chery Automobile Co., Ltd. - H shares"
Dao Yi Capital Limited,02259,Zijin Gold International Company Limited
Deep Source Holdings Limited,02715,"ESTUN AUTOMATION CO., LTD - H Shares"
Deep Source Holdings Limited,03887,HashKey Holdings Limited
DeepRoot Alpha Ltd,09903,"Shanghai Iluvatar CoreX Semiconductor Co., Ltd. - H shares"
Degao Mining Technology Limited,02693,"ANHUI JINYAN KAOLIN NEW MATERIALS CO., LTD. - H shares"
"Deliante Holdings Co., Ltd.",02476,"Victory Giant Technology (HuiZhou) Co., Ltd. - H Shares"
DENG Haifeng,02591,"Guangzhou Innogen Pharmaceutical Group Co., Ltd. - B - H shares"
Derivatives China Alpha Fund SPC (acting for and on behalf of Derivatives China Fundamental Fund SP),02659,"Shanghai Bao Pharmaceuticals Co., Ltd. - B - H shares"
Desay SV Automotive Singapore Pte. Ltd.,00600,"Axera Semiconductor Co., Ltd. - H shares"
Digital China (HK) Limited,06082,"Shanghai Biren Technology Co., Ltd.- H shares"
Dongsheng Pulead Technology and Guotai Junan Investments (Hong Kong) Limited (in connection with Dongsheng Pulead OTC Swaps),02579,"CNGR Advanced Material Co., Ltd. - H shares"
Dragon Merit Holdings Limited,03880,Medtide Inc. - H shares
Dream ’ee (Hong Kong) Open-ended Fund Company,02408,"Guangzhou Xiao Noodles Catering Management Co., Ltd.- H shares"
Dream ’ee (Hong Kong) Open-ended Fund Company,02715,"ESTUN AUTOMATION CO., LTD - H Shares"
Dream ’ee HK Fund,00638,Fibocom Wireless Inc. - H shares
Dream’ ee (Hong Kong) Open-ended Fund Company,02655,"Guoxia Technology Co., Ltd. - H shares"
Dream’ee HK Fund,02676,"Suzhou Novosense Microelectronics Co., Ltd. - H shares"
"Duckling Fund, L.P.",01364,Guming Holdings Limited
"Duckling Fund, L.P.",02657,"SHANGHAI FOREST CABIN COSMETICS GROUP CO., LTD. - H shares"
"Duckling Fund, L.P.",09903,"Shanghai Iluvatar CoreX Semiconductor Co., Ltd. - H shares"
Dymon Asia Multi-Strategy Investment Master Fund,03986,GigaDevice Semiconductor Inc. - H shares
Dymon Asia Multi-Strategy Investment Master Fund,06166,"CIG SHANGHAI CO., LTD. - H shares"
Dymon Asia Multi-Strategy Investment Master Fund,06687,JST Group Corporation Limited
E Fund,01768,"BUSY MING GROUP CO., LTD.- H shares"
E Fund Management,03696,InSilico Medicine Cayman TopCo
"E Fund Management (Hong Kong) Co., Ltd.",03277,Gpixel Changchun Microelectronics Inc. - H Shares
"E Fund Management (Hong Kong) Co., Ltd.",09606,"Duality Biotherapeutics, Inc. - B"
"E Fund Management (Hong Kong) Co., Ltd.",09887,"Nanjing Leads Biolabs Co., Ltd. - B - H shares"
"E Fund Management (Hong Kong) Co., Ltd. (易方達資產管理(香港)有限公司)",02698,Softcare Limited
"E Fund Management Co., Ltd.",00100,MiniMax Group Inc. - W - P
"E Fund Management Co., Ltd.",03277,Gpixel Changchun Microelectronics Inc. - H Shares
"E Fund Management Co., Ltd.",09606,"Duality Biotherapeutics, Inc. - B"
"E Fund Management Co., Ltd.",09887,"Nanjing Leads Biolabs Co., Ltd. - B - H shares"
"E Fund Management Co., Ltd. (易方達基金管理有限公司)",02698,Softcare Limited
Eastern Bell Capital VIII Investment Limited,00699,NINGBO JOYSON ELECTRONIC CORP.- H shares
Eastern Bell Capital VIII Investment Limited,02050,"Zhejiang Sanhua Intelligent Controls Co., Ltd. - H shares"
Eastern Bell Capital VIII Investment Limited,03277,Gpixel Changchun Microelectronics Inc. - H Shares
Eastspring Investments (Singapore) Limited,00100,MiniMax Group Inc. - W - P
Eastspring Investments (Singapore) Limited,01989,Delton Technology (Guangzhou) Inc. - H Shares
Eastspring Investments (Singapore) Limited,02026,Pony AI Inc. - W
Eastspring Investments (Singapore) Limited,02590,"Beijing Geekplus Technology Co., Ltd. - W - H shares"
Eastspring Investments (Singapore) Limited,06082,"Shanghai Biren Technology Co., Ltd.- H shares"
Emerging Markets Healthcare Partners LLC,03696,InSilico Medicine Cayman TopCo
Emerging Markets Healthcare Partners LLC,09606,"Duality Biotherapeutics, Inc. - B"
Endless Growth NH Limited,09611,"Shanghai Longcheer Technology Co., Ltd.- H shares"
"Engine International Technology Co., Limited",09903,"Shanghai Iluvatar CoreX Semiconductor Co., Ltd. - H shares"
Enhanced Investment Products Limited,06082,"Shanghai Biren Technology Co., Ltd.- H shares"
Enhanced Investment Products Limited,09981,"Shenzhen Woer Heat-Shrinkable Material Co., Ltd. - H Shares"
Enreal China Master Fund and Forreal China Value Fund,06603,IFBH Limited
Erik Selin Fastigheter Aktiebolag,06938,"Suzhou Ribo Life Science Co., Ltd. - B - H shares"
Etarget Limited,02590,"Beijing Geekplus Technology Co., Ltd. - W - H shares"
Eternal Summer Consulting Company Ltd.,01021,"Guangdong Huayan Robotics Co., Ltd. - H Shares"
"EVE Asia Co., Limited",02643,CaoCao Inc.
Everbright Wealth,03296,"Huaqin Co., Ltd. - H Shares"
"Everbright Wealth Management Co., Ltd.",02476,"Victory Giant Technology (HuiZhou) Co., Ltd. - H Shares"
Evergreen Gate Limited,02629,Mirxes Holding Company Limited - B
Factorial Master Fund,00600,"Axera Semiconductor Co., Ltd. - H shares"
Factorial Master Fund,03317,"Shenzhen Xunce Technology Co., Ltd.- H shares"
Factorial Master Fund,09981,"Shenzhen Woer Heat-Shrinkable Material Co., Ltd. - H Shares"
"FCP Domains Co., Ltd.",02648,"Anjoy Foods Group Co., Ltd. - H shares"
FengHe Asia Fund Ltd.,06031,"SANY HEAVY INDUSTRY CO., LTD. - H shares"
"Fidelidade – Companhia de Seguros, S.A.",00699,NINGBO JOYSON ELECTRONIC CORP.- H shares
Fidelity International,01879,"Shanghai Xizhi Technology Co., Ltd. - P - H Shares"
FIL Investment,01768,"BUSY MING GROUP CO., LTD.- H shares"
FIL Investment Management (Hong Kong) Limited,02259,Zijin Gold International Company Limited
FIL Investment Management (Hong Kong) Limited,02657,"SHANGHAI FOREST CABIN COSMETICS GROUP CO., LTD. - H shares"
FIL Investment Management (Hong Kong) Limited,02714,"Muyuan Foods Co., Ltd. - H shares"
FIL Investment Management (Hong Kong) Limited,03887,HashKey Holdings Limited
First Seafront Fund Series SPC,02768,"Qingdao Gon Technology Co., Ltd. - H shares"
FMF,02692,"Shenzhen Zhaowei Machinery & Electronics Co., Ltd. - H Shares"
FMR Participating Funds,09980,"Eastroc Beverage (Group) Co., Ltd. - H shares"
Foresight Capital Steady Growth LPF,03355,FS.COM Ltd. - H Shares
FORESIGHT GLOBAL SUPERIOR CHOICE SPC – GLOBAL SUPERIOR CHOICE FUND 1 SP,09887,"Nanjing Leads Biolabs Co., Ltd. - B - H shares"
"Foresight Global Superior Choice SPC – Global Superior Choice Fund 1 SP, Foresight Global Superior Choice SPC – Vision Fund 1 SP, and Foresight Global Superior Choice SPC – Horizon Fund 1 SP",02476,"Victory Giant Technology (HuiZhou) Co., Ltd. - H Shares"
Foresight Global Superior Choice SPC – Global Superior Choice Series Fund 1 SP and Foresight Global Superior Choice SPC – Vision Fund 1 SP,06031,"SANY HEAVY INDUSTRY CO., LTD. - H shares"
Foresight Global Superior Choice SPC – Vision Fund 1 SP,09887,"Nanjing Leads Biolabs Co., Ltd. - B - H shares"
Formosa Opportunity Limited,00501,"OmniVision Integrated Circuits Group, Inc. - H shares"
"Foshan Development Co., Ltd.",03288,Foshan Haitian Flavouring and Food Company Ltd. - H shares
Fourier Capital,01304,"Fortior Technology (Shenzhen) Co., Ltd.- H shares"
Fourier Capital Management Limited,06687,JST Group Corporation Limited
Fourth Paradigm International Limited,09903,"Shanghai Iluvatar CoreX Semiconductor Co., Ltd. - H shares"
FUHUIDA HK,01641,"Hongxing Coldchain (Hunan) Co., Ltd.- H shares"
Fullgoal,03200,"Shenzhen Han’s CNC Technology Co., Ltd. - H shares"
Fullgoal Asset Management (HK) Limited,00325,Bloks Group Limited
Fullgoal Asset Management (HK) Limited,02259,Zijin Gold International Company Limited
Fullgoal Asset Management (HK) Limited,02595,GenFleet Therapeutics (Shanghai) Inc - B - H shares
Fullgoal Asset Management (HK) Limited,02698,Softcare Limited
Fullgoal Asset Management (HK) Limited,02768,"Qingdao Gon Technology Co., Ltd. - H shares"
Fullgoal Asset Management (HK) Limited,03200,"Shenzhen Han’s CNC Technology Co., Ltd. - H shares"
Fullgoal Asset Management (HK) Limited,03277,Gpixel Changchun Microelectronics Inc. - H Shares
Fullgoal Asset Management (HK) Limited,06082,"Shanghai Biren Technology Co., Ltd.- H shares"
Fullgoal Asset Management (HK) Limited,06656,"Sigenergy Technology Co., Ltd. - H Shares"
Fullgoal Asset Management (HK) Limited,09606,"Duality Biotherapeutics, Inc. - B"
"Fullgoal Asset Management (HK) Limited and Fullgoal Fund Management Co., Ltd.",02788,Chuangxin Industries Holdings Limited
Fullgoal Asset Management Limited,03858,Jiaxin International Resources Investment Limited
Fullgoal Fund,03696,InSilico Medicine Cayman TopCo
Fullgoal Fund,06082,"Shanghai Biren Technology Co., Ltd.- H shares"
"Fullgoal Fund Management Co., Ltd.",00325,Bloks Group Limited
"Fullgoal Fund Management Co., Ltd.",02259,Zijin Gold International Company Limited
"Fullgoal Fund Management Co., Ltd.",02595,GenFleet Therapeutics (Shanghai) Inc - B - H shares
"Fullgoal Fund Management Co., Ltd.",03200,"Shenzhen Han’s CNC Technology Co., Ltd. - H shares"
"Fullgoal Fund Management Co., Ltd.",03277,Gpixel Changchun Microelectronics Inc. - H Shares
"Fullgoal Fund Management Co., Ltd.",03858,Jiaxin International Resources Investment Limited
"Fullgoal Fund Management Co., Ltd.",06082,"Shanghai Biren Technology Co., Ltd.- H shares"
"Fullgoal Fund Management Co., Ltd.",06656,"Sigenergy Technology Co., Ltd. - H Shares"
"Fullgoal Fund Management Co., Ltd.",09606,"Duality Biotherapeutics, Inc. - B"
"Fullgoal Fund Management Co., Ltd. (富國基金管理有限公司)",02698,Softcare Limited
Fullgoal HK,03696,InSilico Medicine Cayman TopCo
Fund Resources Investment Holding Group Company Limited,03378,"Hanx Biopharmaceuticals (Wuhan) Co., Ltd. - B - H shares"
Galaxy Dynasty Limited,02677,Distinct Healthcare Holdings Limited
Genimous Investment,00638,Fibocom Wireless Inc. - H shares
GF Fund,01021,"Guangdong Huayan Robotics Co., Ltd. - H Shares"
GF Fund,01879,"Shanghai Xizhi Technology Co., Ltd. - P - H Shares"
GF Fund HK,02692,"Shenzhen Zhaowei Machinery & Electronics Co., Ltd. - H Shares"
GF Fund Management,00638,Fibocom Wireless Inc. - H shares
"GF Fund Management Co., Ltd.",03277,Gpixel Changchun Microelectronics Inc. - H Shares
"GF Fund Management Co., Ltd.",03858,Jiaxin International Resources Investment Limited
"GF Fund Management Co., Ltd.",06168,"Zhou Liu Fu Jewellery Co., Ltd. - H shares"
"GF Fund Management Co., Ltd.",09927,"Seres Group Co., Ltd. - H shares"
"GF Fund Management Co., Ltd. and GF International Investment Management Limited",00068,Manycore Tech Inc.
GF Global Capital Limited,02658,"Guangdong Tianyu Semiconductor Co., Ltd. - H shares"
GF International,00638,Fibocom Wireless Inc. - H shares
GF International Investment Management Limited,02259,Zijin Gold International Company Limited
GF International Investment Management Limited,03277,Gpixel Changchun Microelectronics Inc. - H Shares
GF International Investment Management Limited,03355,FS.COM Ltd. - H Shares
GF International Investment Management Limited,03858,Jiaxin International Resources Investment Limited
GF International Investment Management Limited,06603,IFBH Limited
GF International Investment Management Limited,09927,"Seres Group Co., Ltd. - H shares"
"GF Management Co., Ltd. and GF International Investment Management Limited",02788,Chuangxin Industries Holdings Limited
"GF Securities Asset Management (Guangdong) Co., Ltd",02050,"Zhejiang Sanhua Intelligent Controls Co., Ltd. - H shares"
GFH Financial Group B.S.C.,02718,Mininglamp Technology - W
Ghisallo Fund Master Ltd,00501,"OmniVision Integrated Circuits Group, Inc. - H shares"
Ghisallo Fund Master Ltd,02026,Pony AI Inc. - W
Ghisallo Fund Master Ltd.,06031,"SANY HEAVY INDUSTRY CO., LTD. - H shares"
Ghisallo Fund Master Ltd.,09927,"Seres Group Co., Ltd. - H shares"
GIC,01879,"Shanghai Xizhi Technology Co., Ltd. - P - H Shares"
GIC Private Limited,01276,"Jiangsu Hengrui Pharmaceuticals Co., Ltd. - H shares"
GIC Private Limited,02050,"Zhejiang Sanhua Intelligent Controls Co., Ltd. - H shares"
GIC Private Limited,02259,Zijin Gold International Company Limited
GIC Private Limited,03200,"Shenzhen Han’s CNC Technology Co., Ltd. - H shares"
GIC Private Limited,03288,Foshan Haitian Flavouring and Food Company Ltd. - H shares
GIGA Industries Limited,02546,"Xizang Zhihui Mining Co., Ltd. - H shares"
GIMM Holding Limited,02508,SAINT BELLA Inc.
Ginkgo Capital Global Fund SPC-XtalPi AI Fund SP,02591,"Guangzhou Innogen Pharmaceutical Group Co., Ltd. - B - H shares"
GKI,06636,"Shandong Extreme Vision Technology Co., Ltd. - H Shares"
Glencore International AG,02610,Nanshan Aluminium International Holdings Limited
Glencore International AG,02788,Chuangxin Industries Holdings Limited
Glencore International AG,03636,"Yunnan Jinxun Resources Co., Ltd. - H shares"
Globe Asia Investments Limited,02259,Zijin Gold International Company Limited
Glory Ocean Innovation Limited,02658,"Guangdong Tianyu Semiconductor Co., Ltd. - H shares"
GM Charm Yield Limited,01364,Guming Holdings Limited
Gold Mountains International Mining Company Limited,06693,"Chifeng Jilong Gold Mining Co., Ltd. - H shares"
Gold Wings Holdings Limited,09927,"Seres Group Co., Ltd. - H shares"
Golden K2 Falcon Open-ended Fund Company,02476,"Victory Giant Technology (HuiZhou) Co., Ltd. - H Shares"
Golden Link,02676,"Suzhou Novosense Microelectronics Co., Ltd. - H shares"
Golden Valley Global Limited,01364,Guming Holdings Limited
Golden Valley Global Limited,09887,"Nanjing Leads Biolabs Co., Ltd. - B - H shares"
Golden Valley Value Select Master Fund,01364,Guming Holdings Limited
Golden Valley Value Select Master Fund,09887,"Nanjing Leads Biolabs Co., Ltd. - B - H shares"
Goldman Sachs Asset Management (Hong Kong) Limited,06656,"Sigenergy Technology Co., Ltd. - H Shares"
GOTION HIGH-TECH (HK) LIMITED,09973,"Chery Automobile Co., Ltd. - H shares"
"Gotion High-tech Co., Ltd.",02560,"Anhui Conch Material Technology Co., Ltd. - H shares"
GOTION HIGH-TECH LIMITED,02643,CaoCao Inc.
Grab Inc.,02525,Hesai Group - W
GRANITE ASIA IX VCC (for the account of and on behalf of GX ACCESS),00600,"Axera Semiconductor Co., Ltd. - H shares"
GRANITE ASIA VIII INVESTMENTS PTE. LTD.,06687,JST Group Corporation Limited
Great China Motivation Fund Phase II L.P.,09980,"Eastroc Beverage (Group) Co., Ltd. - H shares"
Great Holding Development Limited,03355,FS.COM Ltd. - H Shares
Great Praise Investment SPC - Selected AI Fund SP,06090,BUTONG GROUP
Greater Bay Area Development Fund Management Limited,01989,Delton Technology (Guangzhou) Inc. - H Shares
Greater Bay Area Development Fund Management Limited,03986,GigaDevice Semiconductor Inc. - H shares
Greater Bay Area Development Fund Management Limited for and on behalf of the Managed Account of Mega Prime Development Limited,02543,"DAHON TECH (SHENZHEN) CO., LTD. - H shares"
Greater Bay Area Homeland Investments Limited,02259,Zijin Gold International Company Limited
Greater Bay Area Homeland Investments Limited,02476,"Victory Giant Technology (HuiZhou) Co., Ltd. - H Shares"
Greater Bay Area Homeland Investments Limited,02546,"Xizang Zhihui Mining Co., Ltd. - H shares"
Green Better,02676,"Suzhou Novosense Microelectronics Co., Ltd. - H shares"
Green Better,03296,"Huaqin Co., Ltd. - H Shares"
Green Better Limited,02050,"Zhejiang Sanhua Intelligent Controls Co., Ltd. - H shares"
Green Better Limited,03986,GigaDevice Semiconductor Inc. - H shares
Green Better Limited,06613,"Lens Technology Co., Ltd. - H shares"
Greenwoods,01879,"Shanghai Xizhi Technology Co., Ltd. - P - H Shares"
Greenwoods Asset Management Hong Kong Limited,00325,Bloks Group Limited
Greenwoods Asset Management Hong Kong Limited,01989,Delton Technology (Guangzhou) Inc. - H Shares
Greenwoods Asset Management Hong Kong Limited,02050,"Zhejiang Sanhua Intelligent Controls Co., Ltd. - H shares"
Greenwoods Asset Management Hong Kong Limited,02259,Zijin Gold International Company Limited
Greenwoods Asset Management Hong Kong Limited,02476,"Victory Giant Technology (HuiZhou) Co., Ltd. - H Shares"
Greenwoods Asset Management Hong Kong Limited,02648,"Anjoy Foods Group Co., Ltd. - H shares"
Greenwoods Asset Management Hong Kong Limited,02788,Chuangxin Industries Holdings Limited
Greenwoods Asset Management Hong Kong Limited,03277,Gpixel Changchun Microelectronics Inc. - H Shares
Greenwoods Asset Management Hong Kong Limited,03750,"Contemporary Amperex Technology Co., Limited - H shares"
Greenwoods Asset Management Hong Kong Limited,06031,"SANY HEAVY INDUSTRY CO., LTD. - H shares"
Greenwoods Asset Management Hong Kong Limited,06656,"Sigenergy Technology Co., Ltd. - H Shares"
Greenwoods Asset Management Hong Kong Limited,06687,JST Group Corporation Limited
Greenwoods Asset Management Hong Kong Limited,09973,"Chery Automobile Co., Ltd. - H shares"
GTCS Holdings Limited,06687,JST Group Corporation Limited
GTINV,00638,Fibocom Wireless Inc. - H shares
"Guangdong Primitive Forest Fund Management Co., Ltd",02658,"Guangdong Tianyu Semiconductor Co., Ltd. - H shares"
"Guangdong Zongxing Technology Co., Ltd.",02560,"Anhui Conch Material Technology Co., Ltd. - H shares"
Guizhou New Industrialization Development Equity Investment Fund Partnership (Limited Partnership),02579,"CNGR Advanced Material Co., Ltd. - H shares"
"Guohua Life Insurance Co., Ltd.",02701,Nsing Technologies Inc. - H Shares
"Guohui (HK) Holdings Co., Limited",00068,Manycore Tech Inc.
"Guohui (HK) Holdings Co., Limited",02493,"Mabwell (Shanghai) Bioscience Co., Ltd. - B - H Shares"
"Guohui (HK) Holdings Co., Limited",09981,"Shenzhen Woer Heat-Shrinkable Material Co., Ltd. - H Shares"
Guotai Junan Investments (Hong Kong) Limited,02408,"Guangzhou Xiao Noodles Catering Management Co., Ltd.- H shares"
Guotai Junan Investments (Hong Kong) Limited,06082,"Shanghai Biren Technology Co., Ltd.- H shares"
Guotai Junan Investments (Hong Kong) Limited (in connection with the Kunyang OTC Swaps),03378,"Hanx Biopharmaceuticals (Wuhan) Co., Ltd. - B - H shares"
Guotai Junan Investments (Hong Kong) Limited (in connection with the Zhonghe OTC Swaps),02659,"Shanghai Bao Pharmaceuticals Co., Ltd. - B - H shares"
"H&T Intelligent Control International Co., Limited",02631,"SICC CO., LTD. - H shares"
Hai Di Lao Holdings Pte. Ltd.,02408,"Guangzhou Xiao Noodles Catering Management Co., Ltd.- H shares"
Haitian Huayuan (Singapore) Pte. Ltd.,02715,"ESTUN AUTOMATION CO., LTD - H Shares"
"Hankang Biotech Fund III, L.P.",09887,"Nanjing Leads Biolabs Co., Ltd. - B - H shares"
Hao Great China Focus Fund,03355,FS.COM Ltd. - H Shares
Hao Great China Focus Fund,06082,"Shanghai Biren Technology Co., Ltd.- H shares"
Haojun Investment and HTCI,01021,"Guangdong Huayan Robotics Co., Ltd. - H Shares"
Harvest,03696,InSilico Medicine Cayman TopCo
Harvest International Premium Value (Secondary Market) Fund SPC acting on behalf of and for the account of Harvest Oriental SP,02543,"DAHON TECH (SHENZHEN) CO., LTD. - H shares"
Harvest International Premium Value (Secondary Market) Fund SPC on behalf of Harvest Oriental SP,03268,"MeiG Smart Technology Co., Ltd. - H Shares"
Harvest International Premium Value Fund SPC acting on behalf of and for the account of Harvest Oriental SP,02609,Bayzed Health Group Inc
Harvest International Premium Value Fund SPC acting on behalf of and for the account of Harvest Oriental SP,02715,"ESTUN AUTOMATION CO., LTD - H Shares"
HARVEST INTERNATIONAL PREMIUM VALUE FUND SPC ACTING ON BEHALF OF AND FOR THE ACCOUNT OF HARVEST ORIENTAL SP,02637,"Fujian Haixi Pharmaceuticals Co., Ltd. - H shares"
Harvest International Premium Value Fund SPC on behalf of Harvest Oriental SP,02613,"ContiOcean Environment Tech Group Co., Ltd. - H shares"
Harvest Oriental II SP,02701,Nsing Technologies Inc. - H Shares
Harvest Oriental SP,06603,IFBH Limited
HCEP Management Limited,06166,"CIG SHANGHAI CO., LTD. - H shares"
HCEP Master Fund and HCEP Long Only Master Fund,02698,Softcare Limited
HCEP Master Fund and HCEP Long Only Master Fund,06603,IFBH Limited
"He Win Hong Kong Holdings Co., Limited",02573,"Newtrend Group Holding Co., Ltd. - H shares"
Health Vision Hong Kong Limited,02677,Distinct Healthcare Holdings Limited
Hefei Jianhui Zhanxin Cornerstone Investment Company Limited,09973,"Chery Automobile Co., Ltd. - H shares"
Hel Ved Master Fund,00600,"Axera Semiconductor Co., Ltd. - H shares"
Hel Ved Master Fund,02026,Pony AI Inc. - W
Hel Ved Master Fund,06809,"Montage Technology Co., Ltd. - H shares"
Hengbang and China Galaxy International Investment Company Limited,02692,"Shenzhen Zhaowei Machinery & Electronics Co., Ltd. - H Shares"
"Hengtong Optic-electric International Co., Limited",02715,"ESTUN AUTOMATION CO., LTD - H Shares"
Heron Neutron Medical Corp.,02581,BenQ BM Holding Cayman Corp.
Hesai Hong Kong Limited,00068,Manycore Tech Inc.
"HHLR Advisors, Ltd.",01021,"Guangdong Huayan Robotics Co., Ltd. - H Shares"
"HHLR Advisors, Ltd.",02259,Zijin Gold International Company Limited
"HHLR Advisors, Ltd.",02408,"Guangzhou Xiao Noodles Catering Management Co., Ltd.- H shares"
"HHLR Advisors, Ltd.",02476,"Victory Giant Technology (HuiZhou) Co., Ltd. - H Shares"
"HHLR Advisors, Ltd.",02525,Hesai Group - W
"HHLR Advisors, Ltd.",02788,Chuangxin Industries Holdings Limited
"HHLR Advisors, Ltd.",03200,"Shenzhen Han’s CNC Technology Co., Ltd. - H shares"
"HHLR Advisors, Ltd.",03277,Gpixel Changchun Microelectronics Inc. - H Shares
"HHLR Advisors, Ltd.",03288,Foshan Haitian Flavouring and Food Company Ltd. - H shares
"HHLR Advisors, Ltd.",06031,"SANY HEAVY INDUSTRY CO., LTD. - H shares"
"HHLR Advisors, Ltd.",06600,"OneRobotics (Shenzhen) Co., Ltd.- H shares"
"HHLR Advisors, Ltd.",06656,"Sigenergy Technology Co., Ltd. - H Shares"
"HHLR Advisors, Ltd.",09973,"Chery Automobile Co., Ltd. - H shares"
"HHLR Advisors, Ltd.",09981,"Shenzhen Woer Heat-Shrinkable Material Co., Ltd. - H Shares"
"HHLR CF, L.P.",01276,"Jiangsu Hengrui Pharmaceuticals Co., Ltd. - H shares"
"HHLR CF, L.P.",03750,"Contemporary Amperex Technology Co., Limited - H shares"
"HHLR Fund, L.P.",02097,MIXUE Group - H shares
HHLRA,02692,"Shenzhen Zhaowei Machinery & Electronics Co., Ltd. - H Shares"
HHLRA FUNDS,01879,"Shanghai Xizhi Technology Co., Ltd. - P - H Shares"
Hichain Logistics (Hong Kong) Limited,09927,"Seres Group Co., Ltd. - H shares"
Hield International,02676,"Suzhou Novosense Microelectronics Co., Ltd. - H shares"
Hillhouse Investment Management Limited,06600,"OneRobotics (Shenzhen) Co., Ltd.- H shares"
"Hillhouse Investment Management, Ltd.",06656,"Sigenergy Technology Co., Ltd. - H Shares"
Himension Fund,06938,"Suzhou Ribo Life Science Co., Ltd. - B - H shares"
HiTai (Hong Kong) Limited,02621,Shouhui Group Ltd.
Hong Kong Chuangli Yingtai Investment Limited,02693,"ANHUI JINYAN KAOLIN NEW MATERIALS CO., LTD. - H shares"
"Hong Kong Henan Agri International Co., Limited",02714,"Muyuan Foods Co., Ltd. - H shares"
Hong Kong Jinyuan Industry and Trade Limited,02693,"ANHUI JINYAN KAOLIN NEW MATERIALS CO., LTD. - H shares"
"Hong Kong Mason Electronics Co., Ltd.",02476,"Victory Giant Technology (HuiZhou) Co., Ltd. - H Shares"
Hong Kong Shengying Investment Limited,02408,"Guangzhou Xiao Noodles Catering Management Co., Ltd.- H shares"
Hong Kong Xinghuang Holdings Limited,02619,"X.J. Electrics (Hu Bei) Co., Ltd - H Shares"
"Hong Kong Xinwei Electronic Co., Limited",01333,"Breton Technology Co., Ltd.- H shares"
"Hong Kong Yunxing Technology Trade Management Co., Limited",02619,"X.J. Electrics (Hu Bei) Co., Ltd - H Shares"
Hong Kong Yuto Printing Company Limited,09611,"Shanghai Longcheer Technology Co., Ltd.- H shares"
Hong Kong Zhihan Investment Limited,02597,"Beijing Xunzhong Communication Technology Co., Ltd. - H shares"
"Hongda Group (Hong Kong) Co., Limited",02525,Hesai Group - W
"Hongkong High Tech Industrial (Beijing) Development Investment Co., Limited",02632,"Jiangsu New Vision Automotive Electronics Co., Ltd. - H Shares"
"Hongkong Linktech Technology Co., Limited",09881,"Rongta Technology (Xiamen) Group Co., Ltd. - H shares"
"Hongkong Topway Trading Co., Limited",02610,Nanshan Aluminium International Holdings Limited
Hongxing International,03296,"Huaqin Co., Ltd. - H Shares"
Hongxing International Technology Limited,03200,"Shenzhen Han’s CNC Technology Co., Ltd. - H shares"
Honour Goal Investments Limited,09927,"Seres Group Co., Ltd. - H shares"
Horizon Splendor Limited,09609,"Hebei Haiwei Electronic New Material Technology Co., Ltd.- H shares"
Horizon Together Holding Ltd.,02889,PATEO CONNECT Technology (Shanghai) Corporation - H shares
Horizon Together Holding Ltd.,09973,"Chery Automobile Co., Ltd. - H shares"
HQ TELECOM SINGAPORE PTE. LTD.,02476,"Victory Giant Technology (HuiZhou) Co., Ltd. - H Shares"
"HSG Growth VI Holdco F, Ltd.",02097,MIXUE Group - H shares
"HSG Growth VI Holdco F, Ltd.",06687,JST Group Corporation Limited
"HSG Growth VII Holdco, Ltd.",03288,Foshan Haitian Flavouring and Food Company Ltd. - H shares
"HSG Growth VII Holdco, Ltd.",09980,"Eastroc Beverage (Group) Co., Ltd. - H shares"
HT Investment Limited,02648,"Anjoy Foods Group Co., Ltd. - H shares"
Huadeng Summit Fortitude Ventures Ltd,06809,"Montage Technology Co., Ltd. - H shares"
Huadeng Technology Peak Fortitude Ventures Ltd,06082,"Shanghai Biren Technology Co., Ltd.- H shares"
Huadeng Technology Space Ventures Ltd,06656,"Sigenergy Technology Co., Ltd. - H Shares"
Huang Guangwei,06681,BrainAurora Medical Technology Limited - B
Huang River Investment Limited,01364,Guming Holdings Limited
Huang River Investment Limited,02675,"Shenzhen Edge Medical Co., Ltd.- B - H shares"
Huang River Investment Limited,02718,Mininglamp Technology - W
Huang River Investment Limited,09887,"Nanjing Leads Biolabs Co., Ltd. - B - H shares"
Huang River Investment Limited,09980,"Eastroc Beverage (Group) Co., Ltd. - H shares"
Huangshan Construction Investment (Hong Kong) International Limited,09973,"Chery Automobile Co., Ltd. - H shares"
"Huangshan Dejun Enterprise Management Co., Ltd.",02720,Ridge Outdoor International Limited
Huaqin Telecom Hong Kong Limited,00501,"OmniVision Integrated Circuits Group, Inc. - H shares"
Huaqin Telecom Hong Kong Limited,06809,"Montage Technology Co., Ltd. - H shares"
HUAQIN TELECOM HONG KONG LIMITED,03986,GigaDevice Semiconductor Inc. - H shares
Huatai Capital Investment Limited,02050,"Zhejiang Sanhua Intelligent Controls Co., Ltd. - H shares"
Huatai Capital Investment Limited,02627,"Ab&B Bio-Tech CO., LTD. JS - B - H shares"
Huatai Capital Investment Limited,02648,"Anjoy Foods Group Co., Ltd. - H shares"
Huatai Capital Investment Limited,02714,"Muyuan Foods Co., Ltd. - H shares"
Huatai Capital Investment Limited,03277,Gpixel Changchun Microelectronics Inc. - H Shares
Huatai Capital Investment Limited,03986,GigaDevice Semiconductor Inc. - H shares
Huatai Capital Investment Limited,06938,"Suzhou Ribo Life Science Co., Ltd. - B - H shares"
Huatai Capital Investment Limited,09887,"Nanjing Leads Biolabs Co., Ltd. - B - H shares"
Huatai Capital Investment Limited,09927,"Seres Group Co., Ltd. - H shares"
"Huatai Capital Investment Limited (in connection with OTC swaps for Jiujiu Hengxin (Xiamen) Private Fund Management Co., Ltd.)",09903,"Shanghai Iluvatar CoreX Semiconductor Co., Ltd. - H shares"
Huatai Securities,02635,"Nuobikan Artificial Intelligence Technology (Chengdu) Co., Ltd. - H shares"
"Huatai Securities Co., Ltd.",06960,"SHUANGDENG GROUP CO., LTD. - H shares"
"Hubei Shunjie Investment (Hong Kong) Co., Limited",02619,"X.J. Electrics (Hu Bei) Co., Ltd - H Shares"
"Huikai Hong Kong Economic Development Co., Ltd.",02655,"Guoxia Technology Co., Ltd. - H shares"
Huizhou Huilian Investment Partnership (Limited Partnership),02476,"Victory Giant Technology (HuiZhou) Co., Ltd. - H Shares"
Huizhou Huilian Investment Partnership (Limited Partnership),09981,"Shenzhen Woer Heat-Shrinkable Material Co., Ltd. - H Shares"
Hunan Xingxiang Emerging Industry Investment Fund Partnership (Limited Partnership),02579,"CNGR Advanced Material Co., Ltd. - H shares"
Hundreds Capital,02718,Mininglamp Technology - W
ICBC Wealth,01879,"Shanghai Xizhi Technology Co., Ltd. - P - H Shares"
"ICBC Wealth Management Co., Ltd.",01989,Delton Technology (Guangzhou) Inc. - H Shares
"ICBC Wealth Management Co., Ltd.",02050,"Zhejiang Sanhua Intelligent Controls Co., Ltd. - H shares"
"ICBC Wealth Management Co., Ltd.",03200,"Shenzhen Han’s CNC Technology Co., Ltd. - H shares"
"ICBC Wealth Management Co., Ltd.",03277,Gpixel Changchun Microelectronics Inc. - H Shares
"ICBC Wealth Management Co., Ltd.",03986,GigaDevice Semiconductor Inc. - H shares
"ICBC Wealth Management Co., Ltd.",06166,"CIG SHANGHAI CO., LTD. - H shares"
"ICBC Wealth Management Co., Ltd.",06603,IFBH Limited
"ICBC Wealth Management Co., Ltd.",06656,"Sigenergy Technology Co., Ltd. - H Shares"
IDG Breyer Capital Fund L.P.,00100,MiniMax Group Inc. - W - P
IDG Breyer Capital Fund L.P.,02259,Zijin Gold International Company Limited
Infini,03696,InSilico Medicine Cayman TopCo
Infini Global Master Fund,02643,CaoCao Inc.
Infini Global Master Fund,02675,"Shenzhen Edge Medical Co., Ltd.- B - H shares"
Infini Global Master Fund,02706,"Beijing Haizhi Technology Group Co., Ltd. - H Shares"
Infini Global Master Fund,03317,"Shenzhen Xunce Technology Co., Ltd.- H shares"
Infini Global Master Fund,03887,HashKey Holdings Limited
Infini Global Master Fund,06166,"CIG SHANGHAI CO., LTD. - H shares"
Infini Global Master Fund,06600,"OneRobotics (Shenzhen) Co., Ltd.- H shares"
Infini Global Master Fund,06613,"Lens Technology Co., Ltd. - H shares"
Infore Funds Series 1 Open-ended Fund Company,02476,"Victory Giant Technology (HuiZhou) Co., Ltd. - H Shares"
Infore Funds Series 2 Open-ended Fund Company – Infore Technology Fund 2,06031,"SANY HEAVY INDUSTRY CO., LTD. - H shares"
Infore Holding (Hong Kong) Limited,02589,"Auntea Jenny (Shanghai) Industrial Co., Ltd. - H shares"
Ingenic Semiconductor HK,03296,"Huaqin Co., Ltd. - H Shares"
Intac,01304,"Fortior Technology (Shenzhen) Co., Ltd.- H shares"
Integrated Core Strategies (Asia) Pte. Ltd.,00470,"WUXI LEAD INTELLIGENT EQUIPMENT CO., LTD. - H shares"
Integrated Core Strategies (Asia) Pte. Ltd.,01276,"Jiangsu Hengrui Pharmaceuticals Co., Ltd. - H shares"
Integrated Core Strategies (Asia) Pte. Ltd.,02675,"Shenzhen Edge Medical Co., Ltd.- B - H shares"
Integrated Core Strategies (Asia) Pte. Ltd.,02714,"Muyuan Foods Co., Ltd. - H shares"
Integrated Core Strategies (Asia) Pte. Ltd.,02788,Chuangxin Industries Holdings Limited
"Invesco Advisers, Inc.",01276,"Jiangsu Hengrui Pharmaceuticals Co., Ltd. - H shares"
Invesco Hong Kong Limited,02259,Zijin Gold International Company Limited
Investcorp Verdant Holdings Limited,02788,Chuangxin Industries Holdings Limited
IvyRock,03296,"Huaqin Co., Ltd. - H Shares"
IvyRock,07618,"JINGDONG Industrials, Inc."
IvyRock Asset Management Limited,06938,"Suzhou Ribo Life Science Co., Ltd. - B - H shares"
J.P. Morgan Investment Management Inc.,06809,"Montage Technology Co., Ltd. - H shares"
Jain Global Master Fund Ltd,06603,IFBH Limited
Jain Global Master Fund Ltd,06687,JST Group Corporation Limited
Jain Global Master Fund Ltd,09927,"Seres Group Co., Ltd. - H shares"
Janchor Partners Pan-Asian Master Fund,02476,"Victory Giant Technology (HuiZhou) Co., Ltd. - H Shares"
Janchor Partners Pan-Asian Master Fund,06809,"Montage Technology Co., Ltd. - H shares"
Janchor Partners Pan-Asian Master Fund and Janchor Partners Opportunities Master Fund III,00100,MiniMax Group Inc. - W - P
Jane Street Asia Trading Limited,02050,"Zhejiang Sanhua Intelligent Controls Co., Ltd. - H shares"
Jane Street Asia Trading Limited,02698,Softcare Limited
Jane Street Asia Trading Limited,02714,"Muyuan Foods Co., Ltd. - H shares"
Jane Street Asia Trading Limited,02788,Chuangxin Industries Holdings Limited
Jane Street Asia Trading Limited,06031,"SANY HEAVY INDUSTRY CO., LTD. - H shares"
Jane Street Asia Trading Limited,06603,IFBH Limited
JCC and Guotai Junan Investments (Hong Kong) Limited,09981,"Shenzhen Woer Heat-Shrinkable Material Co., Ltd. - H Shares"
Jiangbei Pharmaceutical Technology (Hong Kong) Limited,02617,"TransThera Sciences (Nanjing), Inc. - B - H shares"
Jiangsu Mixed Ownership Reform Fund,03677,"Jiangsu Zenergy Battery Technologies Group Co., Ltd.- H shares"
"Jiangxi Guokong Private Equity Fund Management Co., Ltd.",09611,"Shanghai Longcheer Technology Co., Ltd.- H shares"
"Jiantou International (Hong Kong) Co., Limited",00664,"Hangzhou Tongshifu Cultural and Creative (Group) Co., Ltd. - H Shares"
Jiaxing Xinyang,02627,"Ab&B Bio-Tech CO., LTD. JS - B - H shares"
Jinghui Ruiying (Hong Kong) Limited,09973,"Chery Automobile Co., Ltd. - H shares"
JINGSHENG HENGXING TECHNOLOGY PTE. LTD.,02706,"Beijing Haizhi Technology Group Co., Ltd. - H Shares"
Jinxiu 608 and GTJA HK,06082,"Shanghai Biren Technology Co., Ltd.- H shares"
JinYi Capital,03296,"Huaqin Co., Ltd. - H Shares"
Jinyi Capital Multi-Strategy Fund SPC Ltd.,00600,"Axera Semiconductor Co., Ltd. - H shares"
Jinyi Capital Multi-Strategy Fund SPC Ltd.,03268,"MeiG Smart Technology Co., Ltd. - H Shares"
JKKB Limited,02508,SAINT BELLA Inc.
Joy Mobile Network Pte. Ltd.,03317,"Shenzhen Xunce Technology Co., Ltd.- H shares"
Joyson Electronics Holdings Hong Kong Limited,00600,"Axera Semiconductor Co., Ltd. - H shares"
JPMAMAPL,03296,"Huaqin Co., Ltd. - H Shares"
JPMorgan Asset Management (Asia Pacific) Limited,09980,"Eastroc Beverage (Group) Co., Ltd. - H shares"
JSC International Investment Fund SPC,00600,"Axera Semiconductor Co., Ltd. - H shares"
JSC International Investment Fund SPC (acting for and on behalf of Etown SP),02706,"Beijing Haizhi Technology Group Co., Ltd. - H Shares"
JSC International Investment Fund SPC (acting for and on behalf of Huangshan SP),02889,PATEO CONNECT Technology (Shanghai) Corporation - H shares
JSC International Investment Fund SPC (acting for and on behalf of ShanRui SP),09973,"Chery Automobile Co., Ltd. - H shares"
JSC International Investment Fund SPC (acting for and on behalf of Yongxin I SP),00501,"OmniVision Integrated Circuits Group, Inc. - H shares"
Jump Trading,02692,"Shenzhen Zhaowei Machinery & Electronics Co., Ltd. - H Shares"
Jump Trading Pacific Pte. Ltd.,00699,NINGBO JOYSON ELECTRONIC CORP.- H shares
Jump Trading Pacific Pte. Ltd.,02476,"Victory Giant Technology (HuiZhou) Co., Ltd. - H Shares"
Jump Trading Pacific Pte. Ltd.,06168,"Zhou Liu Fu Jewellery Co., Ltd. - H shares"
Jump Trading Pacific Pte. Ltd.,09927,"Seres Group Co., Ltd. - H shares"
Jump Trading Pacific Pte. Ltd.,09981,"Shenzhen Woer Heat-Shrinkable Material Co., Ltd. - H Shares"
Jun Sheng SP,00699,NINGBO JOYSON ELECTRONIC CORP.- H shares
June Star Global Limited,02591,"Guangzhou Innogen Pharmaceutical Group Co., Ltd. - B - H shares"
Junshi Hong Kong Limited,02493,"Mabwell (Shanghai) Bioscience Co., Ltd. - B - H Shares"
Jupiter Global Master Fund Ltd.,00600,"Axera Semiconductor Co., Ltd. - H shares"
"Kelingan (Hong Kong) Technology Co., Limited",02617,"TransThera Sciences (Nanjing), Inc. - B - H shares"
KIL,03296,"Huaqin Co., Ltd. - H Shares"
KingMed Diagnostics (Hong Kong) Limited,02677,Distinct Healthcare Holdings Limited
Kuwait Investment Authority,03750,"Contemporary Amperex Technology Co., Limited - H shares"
Lake Bleu Innovation Fund,02595,GenFleet Therapeutics (Shanghai) Inc - B - H shares
Lake Bleu Innovation Healthcare Master Fund Limited,09606,"Duality Biotherapeutics, Inc. - B"
Lake Bleu Prime Healthcare Fund,02595,GenFleet Therapeutics (Shanghai) Inc - B - H shares
Lake Bleu Prime Healthcare Master Fund Limited,09606,"Duality Biotherapeutics, Inc. - B"
LAV Star Opportunities Limited,09606,"Duality Biotherapeutics, Inc. - B"
Lazurite Hime L.P.,06656,"Sigenergy Technology Co., Ltd. - H Shares"
LBC HK Opportunity Fund,02595,GenFleet Therapeutics (Shanghai) Inc - B - H shares
Lenovo,01879,"Shanghai Xizhi Technology Co., Ltd. - P - H Shares"
Lens International (HK) Limited,02579,"CNGR Advanced Material Co., Ltd. - H shares"
LI Huifeng,02591,"Guangzhou Innogen Pharmaceutical Group Co., Ltd. - B - H shares"
Li Shuhan,09881,"Rongta Technology (Xiamen) Group Co., Ltd. - H shares"
Lilly,03696,InSilico Medicine Cayman TopCo
Lin Xiaojian,09881,"Rongta Technology (Xiamen) Group Co., Ltd. - H shares"
Lingbao Gold International Company Limited,06168,"Zhou Liu Fu Jewellery Co., Ltd. - H shares"
Lingotto Innovation Master Fund,03750,"Contemporary Amperex Technology Co., Limited - H shares"
Lion Global Investors Limited,06082,"Shanghai Biren Technology Co., Ltd.- H shares"
LMR Multi-Strategy Master Fund Limited,03750,"Contemporary Amperex Technology Co., Limited - H shares"
LMR Multi-Strategy Master Fund Limited,06031,"SANY HEAVY INDUSTRY CO., LTD. - H shares"
LMR Multi-Strategy Master Fund Limited,06613,"Lens Technology Co., Ltd. - H shares"
Logic Selective Value Investment Funds SPC,02671,"USAS Building System (Shanghai) Co., Ltd. - H shares"
"Long-Z Fund I, LP",01364,Guming Holdings Limited
"Long-Z Fund I, LP",02097,MIXUE Group - H shares
Longhorn and CICC Financial Trading Limited (in connection with Longhorn OTC Swaps),00600,"Axera Semiconductor Co., Ltd. - H shares"
Loyal Valley Capital,02657,"SHANGHAI FOREST CABIN COSMETICS GROUP CO., LTD. - H shares"
Loyal Valley Capital Advantage Fund III LP,09887,"Nanjing Leads Biolabs Co., Ltd. - B - H shares"
"Luhua Daosheng (Beijing) Enterprise Management & Development Co., Ltd.",02476,"Victory Giant Technology (HuiZhou) Co., Ltd. - H Shares"
Luminous Horizon Limited,02768,"Qingdao Gon Technology Co., Ltd. - H shares"
"Luoyang Science Technology Innovate Group, Ltd",03750,"Contemporary Amperex Technology Co., Limited - H shares"
LUYIN TRADING PTE. LTD.,03858,Jiaxin International Resources Investment Limited
LVC,01364,Guming Holdings Limited
"LYFE Capital Fund IV (Dragon), L.P.",02675,"Shenzhen Edge Medical Co., Ltd.- B - H shares"
M&G Investments,02097,MIXUE Group - H shares
M&G Investors,07618,"JINGDONG Industrials, Inc."
Main Achieve Holdings Limited,09881,"Rongta Technology (Xiamen) Group Co., Ltd. - H shares"
Main Source Capital,02692,"Shenzhen Zhaowei Machinery & Electronics Co., Ltd. - H Shares"
Main Source Capital Limited,03378,"Hanx Biopharmaceuticals (Wuhan) Co., Ltd. - B - H shares"
Management Company Limited,03881,CiDi Inc. - H shares
Manifold Master Fund,03317,"Shenzhen Xunce Technology Co., Ltd.- H shares"
Marketingforce Management Ltd,02591,"Guangzhou Innogen Pharmaceutical Group Co., Ltd. - B - H shares"
"Martis Fund, L.P.",00100,MiniMax Group Inc. - W - P
"Martis Fund, L.P.",02050,"Zhejiang Sanhua Intelligent Controls Co., Ltd. - H shares"
"Martis Fund, L.P.",06166,"CIG SHANGHAI CO., LTD. - H shares"
"Martis Fund, L.P.",09973,"Chery Automobile Co., Ltd. - H shares"
MC Management,01828,FWD Group Holdings Limited
Mega Prime,01304,"Fortior Technology (Shenzhen) Co., Ltd.- H shares"
Mega Prime Development Limited,02050,"Zhejiang Sanhua Intelligent Controls Co., Ltd. - H shares"
Mega Prime Development Limited,02476,"Victory Giant Technology (HuiZhou) Co., Ltd. - H Shares"
Mega Prime Development Limited,02657,"SHANGHAI FOREST CABIN COSMETICS GROUP CO., LTD. - H shares"
Mega Prime Development Limited,02675,"Shenzhen Edge Medical Co., Ltd.- B - H shares"
Mega Prime Development Limited,02706,"Beijing Haizhi Technology Group Co., Ltd. - H Shares"
Mega Prime Development Limited,06603,IFBH Limited
"Meiko Elec. Hong Kong Co., Limited",03268,"MeiG Smart Technology Co., Ltd. - H Shares"
Mercedes-Benz Mobility Services GmbH,02643,CaoCao Inc.
Mercuria Holdings (Singapore) Pte. Ltd.,02788,Chuangxin Industries Holdings Limited
Metazone Link (HK) Limited,02476,"Victory Giant Technology (HuiZhou) Co., Ltd. - H Shares"
Metazone Link (HK) Limited,03986,GigaDevice Semiconductor Inc. - H shares
Midea Development Holding (BVI) Limited,02714,"Muyuan Foods Co., Ltd. - H shares"
Millennium Capital Management (Singapore) Pte. Ltd.,02259,Zijin Gold International Company Limited
Mingxin Growth Ventures LS2 Limited,06938,"Suzhou Ribo Life Science Co., Ltd. - B - H shares"
Mininglamp Technology,02677,Distinct Healthcare Holdings Limited
Minwise Business Consulting Limited,02508,SAINT BELLA Inc.
"Mirae Asset Global Investments Co., Ltd.",02259,Zijin Gold International Company Limited
"Mirae Asset Global Investments Co., Ltd.",03750,"Contemporary Amperex Technology Co., Limited - H shares"
Mirae Asset Securities (HK) Limited,02631,"SICC CO., LTD. - H shares"
Mirae Asset Securities (HK) Limited,03277,Gpixel Changchun Microelectronics Inc. - H Shares
Mirae Asset Securities (HK) Ltd.,02259,Zijin Gold International Company Limited
"Mirae Asset Securities Co., Ltd",02050,"Zhejiang Sanhua Intelligent Controls Co., Ltd. - H shares"
"Mirae Asset Securities Co., Ltd",03750,"Contemporary Amperex Technology Co., Limited - H shares"
"Mirae Asset Securities Co., Ltd.",00068,Manycore Tech Inc.
"Mirae Asset Securities Co., Ltd.",00100,MiniMax Group Inc. - W - P
"Mirae Asset Securities Co., Ltd.",02259,Zijin Gold International Company Limited
"Mirae Asset Securities Co., Ltd.",02476,"Victory Giant Technology (HuiZhou) Co., Ltd. - H Shares"
"Mirae Asset Securities Co., Ltd.",06809,"Montage Technology Co., Ltd. - H shares"
"Mirae Asset Securities Co., Ltd.",09927,"Seres Group Co., Ltd. - H shares"
Mirae Asset Securities HK,01879,"Shanghai Xizhi Technology Co., Ltd. - P - H Shares"
Mirae Asset Securities HK,02692,"Shenzhen Zhaowei Machinery & Electronics Co., Ltd. - H Shares"
Mirae Asset Securities Ltd.,02643,CaoCao Inc.
"Modern Direct Investment New Energy Technology Co., Limited",02865,"Hainan Drinda New Energy Technology Co., Ltd. - H shares"
Morgan Stanley & Co. International plc,00470,"WUXI LEAD INTELLIGENT EQUIPMENT CO., LTD. - H shares"
Morgan Stanley & Co. International plc,01021,"Guangdong Huayan Robotics Co., Ltd. - H Shares"
Morgan Stanley & Co. International plc,02050,"Zhejiang Sanhua Intelligent Controls Co., Ltd. - H shares"
Morgan Stanley & Co. International plc,02476,"Victory Giant Technology (HuiZhou) Co., Ltd. - H Shares"
Morgan Stanley & Co. International plc,03200,"Shenzhen Han’s CNC Technology Co., Ltd. - H shares"
Morgan Stanley & Co. International plc,06166,"CIG SHANGHAI CO., LTD. - H shares"
MPC VII Pte. Ltd.,00100,MiniMax Group Inc. - W - P
Mr. An Jiangbo,02701,Nsing Technologies Inc. - H Shares
Mr. He Maoling,02692,"Shenzhen Zhaowei Machinery & Electronics Co., Ltd. - H Shares"
Mr. Lan Kun,02631,"SICC CO., LTD. - H shares"
Mr. Luo Jie,02692,"Shenzhen Zhaowei Machinery & Electronics Co., Ltd. - H Shares"
"Mr. Shu Wa Tung, Laurence",02613,"ContiOcean Environment Tech Group Co., Ltd. - H shares"
Mr. Zhang Xiaolei,00638,Fibocom Wireless Inc. - H shares
Ms. Christine Tai,02701,Nsing Technologies Inc. - H Shares
Ms. Lina Bao,02718,Mininglamp Technology - W
Ms. Minfang Guo,02718,Mininglamp Technology - W
Ms. Shen Zhenyu,02603,"Xiamen Jihong Co., Ltd - H shares"
MX Bright Charm (BVI) Limited,03750,"Contemporary Amperex Technology Co., Limited - H shares"
"MY Asian Opportunities Master Fund, L.P.",00470,"WUXI LEAD INTELLIGENT EQUIPMENT CO., LTD. - H shares"
"MY Asian Opportunities Master Fund, L.P.",01989,Delton Technology (Guangzhou) Inc. - H Shares
"MY Asian Opportunities Master Fund, L.P.",02476,"Victory Giant Technology (HuiZhou) Co., Ltd. - H Shares"
"MY Asian Opportunities Master Fund, L.P.",06082,"Shanghai Biren Technology Co., Ltd.- H shares"
"MY Asian Opportunities Master Fund, L.P.",06809,"Montage Technology Co., Ltd. - H shares"
"MY Asian Opportunities Master Fund, L.P.",09606,"Duality Biotherapeutics, Inc. - B"
Nanchang Zhengtong Equity Investment Fund Partnership (Limited Partnership),06082,"Shanghai Biren Technology Co., Ltd.- H shares"
Nebula,09678,"Unisound AI Technology Co., Ltd. - H shares"
New Alternative Limited,03986,GigaDevice Semiconductor Inc. - H shares
New Alternative Limited,06809,"Montage Technology Co., Ltd. - H shares"
New Alternative Limited,09927,"Seres Group Co., Ltd. - H shares"
New Asia Ferrell Asset Management Limited,03636,"Yunnan Jinxun Resources Co., Ltd. - H shares"
New China Asset Management,03296,"Huaqin Co., Ltd. - H Shares"
New China Asset Management (Hong Kong) Limited,03986,GigaDevice Semiconductor Inc. - H shares
New China Asset Management (Hong Kong) Limited,09927,"Seres Group Co., Ltd. - H shares"
New Fortune Holdings Group Limited,02715,"ESTUN AUTOMATION CO., LTD - H Shares"
New Golden Future Limited,02259,Zijin Gold International Company Limited
New Golden Future Limited,02476,"Victory Giant Technology (HuiZhou) Co., Ltd. - H Shares"
New Golden Future Limited,03317,"Shenzhen Xunce Technology Co., Ltd.- H shares"
New Golden Future Limited,03986,GigaDevice Semiconductor Inc. - H shares
New Golden Future Limited,06809,"Montage Technology Co., Ltd. - H shares"
New Harvest Wealth Securities Company Limited,02768,"Qingdao Gon Technology Co., Ltd. - H shares"
New Opportunities SPC,06082,"Shanghai Biren Technology Co., Ltd.- H shares"
NewTrails Capital L.P.,02698,Softcare Limited
NEWTRAILS FOREST L.P.,02698,Softcare Limited
Ng Chi Fat,09881,"Rongta Technology (Xiamen) Group Co., Ltd. - H shares"
NGS Super Pty Limited,00600,"Axera Semiconductor Co., Ltd. - H shares"
Nice First Investments Limited,02768,"Qingdao Gon Technology Co., Ltd. - H shares"
"Ningbo Xinzhi Industrial Investment Co., Ltd.",00699,NINGBO JOYSON ELECTRONIC CORP.- H shares
NonaVerse (Hong Kong) Limited,00600,"Axera Semiconductor Co., Ltd. - H shares"
NonaVerse (Hong Kong) Limited,02648,"Anjoy Foods Group Co., Ltd. - H shares"
NR 1 SP,02579,"CNGR Advanced Material Co., Ltd. - H shares"
NR 1 SP,03636,"Yunnan Jinxun Resources Co., Ltd. - H shares"
Oaktree,03696,InSilico Medicine Cayman TopCo
"Oaktree Capital Management, L.P.",00470,"WUXI LEAD INTELLIGENT EQUIPMENT CO., LTD. - H shares"
"Oaktree Capital Management, L.P.",01276,"Jiangsu Hengrui Pharmaceuticals Co., Ltd. - H shares"
"Oaktree Capital Management, L.P.",02259,Zijin Gold International Company Limited
"Oaktree Capital Management, L.P.",03750,"Contemporary Amperex Technology Co., Limited - H shares"
"Oaktree Capital Management, L.P.",06031,"SANY HEAVY INDUSTRY CO., LTD. - H shares"
"Oaktree Capital Management, L.P.",06613,"Lens Technology Co., Ltd. - H shares"
Oakwise Growth Fund,02692,"Shenzhen Zhaowei Machinery & Electronics Co., Ltd. - H Shares"
Ocean Arete Limited,02026,Pony AI Inc. - W
Ocean Fine Industrial Limited,09903,"Shanghai Iluvatar CoreX Semiconductor Co., Ltd. - H shares"
OCM Limited,09903,"Shanghai Iluvatar CoreX Semiconductor Co., Ltd. - H shares"
Olympic Country Company Limited,06613,"Lens Technology Co., Ltd. - H shares"
OmniVision HK,03296,"Huaqin Co., Ltd. - H Shares"
Open Wealth Management Limited,03268,"MeiG Smart Technology Co., Ltd. - H Shares"
"OrbiMed Genesis Master Fund, L.P.",02595,GenFleet Therapeutics (Shanghai) Inc - B - H shares
"OrbiMed Genesis Master Fund, L.P.",02675,"Shenzhen Edge Medical Co., Ltd.- B - H shares"
"OrbiMed Genesis Master Fund, L.P.",09887,"Nanjing Leads Biolabs Co., Ltd. - B - H shares"
OrbiMed Partners Master Fund Limited,02595,GenFleet Therapeutics (Shanghai) Inc - B - H shares
"Orbit Venture Capital Management Co., Limited",02720,Ridge Outdoor International Limited
Oriza Naxin,02676,"Suzhou Novosense Microelectronics Co., Ltd. - H shares"
Ovata Capital Management Limited,00470,"WUXI LEAD INTELLIGENT EQUIPMENT CO., LTD. - H shares"
Ovata Capital Management Limited,02476,"Victory Giant Technology (HuiZhou) Co., Ltd. - H Shares"
Pacific Asset Management,00638,Fibocom Wireless Inc. - H shares
"Pacific Asset Management Co., Limited",02259,Zijin Gold International Company Limited
"Pacific Asset Management Co., Limited",03750,"Contemporary Amperex Technology Co., Limited - H shares"
"Pacific Asset Management Co., Ltd.",03696,InSilico Medicine Cayman TopCo
Pacific Century Pines Investments 1 Limited,09980,"Eastroc Beverage (Group) Co., Ltd. - H shares"
Panjing Harbourview Investment Fund,02476,"Victory Giant Technology (HuiZhou) Co., Ltd. - H Shares"
Panjing Harbourview Investment Fund,02675,"Shenzhen Edge Medical Co., Ltd.- B - H shares"
Panjing Harbourview Investment Fund,03277,Gpixel Changchun Microelectronics Inc. - H Shares
Panjing Harbourview Investment Fund,09606,"Duality Biotherapeutics, Inc. - B"
Perseverance Asset Management,02676,"Suzhou Novosense Microelectronics Co., Ltd. - H shares"
Perseverance Asset Management,02692,"Shenzhen Zhaowei Machinery & Electronics Co., Ltd. - H Shares"
Perseverance Asset Management,03296,"Huaqin Co., Ltd. - H Shares"
Perseverance Asset Management International (Singapore) Pte. Ltd.,00100,MiniMax Group Inc. - W - P
Perseverance Asset Management International (Singapore) Pte. Ltd.,02259,Zijin Gold International Company Limited
Perseverance Asset Management International (Singapore) Pte. Ltd.,02714,"Muyuan Foods Co., Ltd. - H shares"
Perseverance Asset Management International (Singapore) Pte. Ltd.,03277,Gpixel Changchun Microelectronics Inc. - H Shares
Perseverance Asset Management International (Singapore) Pte. Ltd.,03750,"Contemporary Amperex Technology Co., Limited - H shares"
Perseverance Asset Management International (Singapore) Pte. Ltd.,06031,"SANY HEAVY INDUSTRY CO., LTD. - H shares"
Perseverance Asset Management International (Singapore) Pte. Ltd.,06656,"Sigenergy Technology Co., Ltd. - H Shares"
Perseverance Asset Management International (Singapore) Pte. Ltd.,06687,JST Group Corporation Limited
Perseverance Asset Management International (Singapore) Pte. Ltd.,09887,"Nanjing Leads Biolabs Co., Ltd. - B - H shares"
Persistence Growth Limited,02097,MIXUE Group - H shares
Pharmablock Horizon Capital Limited,02617,"TransThera Sciences (Nanjing), Inc. - B - H shares"
Pimlico Family Office Limited,06168,"Zhou Liu Fu Jewellery Co., Ltd. - H shares"
Ping An AM,01879,"Shanghai Xizhi Technology Co., Ltd. - P - H Shares"
"Ping An Life Insurance Company of China, Ltd.",06082,"Shanghai Biren Technology Co., Ltd.- H shares"
Ping An of China Asset Management (Hong Kong) Company Limited,02714,"Muyuan Foods Co., Ltd. - H shares"
Pingmei Shenma International Investment Limited,02693,"ANHUI JINYAN KAOLIN NEW MATERIALS CO., LTD. - H shares"
Pinpoint,01304,"Fortior Technology (Shenzhen) Co., Ltd.- H shares"
Pinpoint Asset Management Limited,00470,"WUXI LEAD INTELLIGENT EQUIPMENT CO., LTD. - H shares"
Pinpoint Asset Management Limited,02476,"Victory Giant Technology (HuiZhou) Co., Ltd. - H Shares"
Pinpoint Asset Management Limited,03750,"Contemporary Amperex Technology Co., Limited - H shares"
Pinpoint Asset Management Limited,06031,"SANY HEAVY INDUSTRY CO., LTD. - H shares"
Pinpoint Asset Management Limited,09980,"Eastroc Beverage (Group) Co., Ltd. - H shares"
Pointer Investment (H.K.) Ltd.,02788,Chuangxin Industries Holdings Limited
Pointer Investment (Hong Kong) Limited,02579,"CNGR Advanced Material Co., Ltd. - H shares"
Poly Platinum Enterprise Limited,06613,"Lens Technology Co., Ltd. - H shares"
Poly Platinum Enterprises Limited,02476,"Victory Giant Technology (HuiZhou) Co., Ltd. - H Shares"
Poly Platinum Enterprises Limited,02546,"Xizang Zhihui Mining Co., Ltd. - H shares"
Poly Platinum Enterprises Limited,02675,"Shenzhen Edge Medical Co., Ltd.- B - H shares"
Polymer Capital Management (HK) Limited,02788,Chuangxin Industries Holdings Limited
Profit Channel Development Limited,03887,HashKey Holdings Limited
Protium Capital Limited,03277,Gpixel Changchun Microelectronics Inc. - H Shares
"PSBC Wealth Management Co., Ltd (through GF Securities Asset Management (Guangdong) Co., Ltd as the qualified domestic institutional investor)",09973,"Chery Automobile Co., Ltd. - H shares"
"PSBC Wealth Management Co., Ltd.",00699,NINGBO JOYSON ELECTRONIC CORP.- H shares
"PSBC Wealth Management Co., Ltd.",02050,"Zhejiang Sanhua Intelligent Controls Co., Ltd. - H shares"
"PSBC Wealth Management Co., Ltd.",02580,"AUX ELECTRIC CO., LTD."
"PSBC Wealth Management Co., Ltd.",03750,"Contemporary Amperex Technology Co., Limited - H shares"
"PSBC Wealth Management Co., Ltd.",06809,"Montage Technology Co., Ltd. - H shares"
"PSBC Wealth Management Co., Ltd.",09927,"Seres Group Co., Ltd. - H shares"
"PSBC Wealth Management Co., Ltd. (through GF Securities Asset Management (Guangdong) Co., Ltd as the qualified domestic institutional investor)",00501,"OmniVision Integrated Circuits Group, Inc. - H shares"
PT Indika Energy Tbk.,02610,Nanshan Aluminium International Holdings Limited
Pu Xin Guotai Junan Investments (Hong Kong) Limited,09981,"Shenzhen Woer Heat-Shrinkable Material Co., Ltd. - H Shares"
"Pudong Science and Technology (Cayman) Co., Ltd.",00501,"OmniVision Integrated Circuits Group, Inc. - H shares"
Qianhai Hezhong Investment Holding Limited,02715,"ESTUN AUTOMATION CO., LTD - H Shares"
Qianhai Kaiyuan Qunwei QDII Single Asset Management Plan,03881,CiDi Inc. - H shares
Qianhai Starlight Capital SPC,09981,"Shenzhen Woer Heat-Shrinkable Material Co., Ltd. - H Shares"
Qihui Runjin (Qingdao) Private Equity Investment Fund Partnership (Limited Partnership) (啟匯潤金 (青島)私募股權投資基金合夥企業(有限合夥)),02698,Softcare Limited
Qiming Venture Partners,06082,"Shanghai Biren Technology Co., Ltd.- H shares"
Qin Wan Investment Limited,09903,"Shanghai Iluvatar CoreX Semiconductor Co., Ltd. - H shares"
Qindao Gantong,00638,Fibocom Wireless Inc. - H shares
Qingdao Guanlan and Guotai Junan Investments (Hong Kong) Limited,09611,"Shanghai Longcheer Technology Co., Ltd.- H shares"
Qingdao Guanlan and Guotai Junan Investments (Hong Kong) Limited (in connection with Guanlan OTC Swaps),00600,"Axera Semiconductor Co., Ltd. - H shares"
QM120 Limited,06082,"Shanghai Biren Technology Co., Ltd.- H shares"
QM125 Limited,06082,"Shanghai Biren Technology Co., Ltd.- H shares"
QRT Master Fund SPC,06613,"Lens Technology Co., Ltd. - H shares"
"QRT Master Fund SPC and its segregated portfolio Torus Fund SP, which is managed by Qube Research & Technologies Hong Kong Limited and certain affiliates of QRT HK",02648,"Anjoy Foods Group Co., Ltd. - H shares"
Qualcomm Ventures LLC,09611,"Shanghai Longcheer Technology Co., Ltd.- H shares"
QuantumPharm Limited,02718,Mininglamp Technology - W
Qube Master Fund Ltd,00470,"WUXI LEAD INTELLIGENT EQUIPMENT CO., LTD. - H shares"
Qube Master Fund Ltd,06031,"SANY HEAVY INDUSTRY CO., LTD. - H shares"
Qube Master Fund Ltd,06809,"Montage Technology Co., Ltd. - H shares"
RBC Global Asset Management (Asia) Limited,02259,Zijin Gold International Company Limited
RBC Global Asset Management (Asia) Limited,02714,"Muyuan Foods Co., Ltd. - H shares"
RBC Global Asset Management (Asia) Limited,03288,Foshan Haitian Flavouring and Food Company Ltd. - H shares
RBC Global Asset Management (Asia) Limited,03750,"Contemporary Amperex Technology Co., Limited - H shares"
RBC Global Asset Management (Asia) Limited,06031,"SANY HEAVY INDUSTRY CO., LTD. - H shares"
REDWOOD ELITE LIMITED,00068,Manycore Tech Inc.
Redwood Elite Limited,06613,"Lens Technology Co., Ltd. - H shares"
Reijong International Industrial Equipment Limited,02610,Nanshan Aluminium International Holdings Limited
Reynold Lemkins Group (Asia) Limited,02561,VISEN Pharmaceuticals -B
Richfirm (Hong Kong) Development Limited,01021,"Guangdong Huayan Robotics Co., Ltd. - H Shares"
RIME,02692,"Shenzhen Zhaowei Machinery & Electronics Co., Ltd. - H Shares"
RIME Capital Limited,00068,Manycore Tech Inc.
RIME Capital Limited,02655,"Guoxia Technology Co., Ltd. - H shares"
RIME Capital Limited,09981,"Shenzhen Woer Heat-Shrinkable Material Co., Ltd. - H Shares"
River Stone Pacific Capital Limited,02635,"Nuobikan Artificial Intelligence Technology (Chengdu) Co., Ltd. - H shares"
RoboSense HongKong Limited,02643,CaoCao Inc.
Rome Garden Holding Limited,00470,"WUXI LEAD INTELLIGENT EQUIPMENT CO., LTD. - H shares"
RSC Ltd,01828,FWD Group Holdings Limited
RTW,03696,InSilico Medicine Cayman TopCo
RTW Biotech Opportunities Operating Ltd.,02595,GenFleet Therapeutics (Shanghai) Inc - B - H shares
"RTW Innovation Master Fund, Ltd.",02595,GenFleet Therapeutics (Shanghai) Inc - B - H shares
"RTW Master Fund, Ltd.",02595,GenFleet Therapeutics (Shanghai) Inc - B - H shares
Ruihua (International) Investment Limited,02476,"Victory Giant Technology (HuiZhou) Co., Ltd. - H Shares"
Ruihua Investment,00638,Fibocom Wireless Inc. - H shares
Runjian International,09678,"Unisound AI Technology Co., Ltd. - H shares"
Sage Partners Master Fund,02675,"Shenzhen Edge Medical Co., Ltd.- B - H shares"
Sage Partners Master Fund,03378,"Hanx Biopharmaceuticals (Wuhan) Co., Ltd. - B - H shares"
Sage Partners Master Fund,06600,"OneRobotics (Shenzhen) Co., Ltd.- H shares"
Sage Partners Master Fund,09887,"Nanjing Leads Biolabs Co., Ltd. - B - H shares"
Samson Group Limited,01021,"Guangdong Huayan Robotics Co., Ltd. - H Shares"
Sanhua (Hong Kong) Co Limited,09927,"Seres Group Co., Ltd. - H shares"
Sanhua International Singapore,01304,"Fortior Technology (Shenzhen) Co., Ltd.- H shares"
"Sanjin International Co., Ltd.",02493,"Mabwell (Shanghai) Bioscience Co., Ltd. - B - H Shares"
SCC Foresight Ventures Ltd.,03277,Gpixel Changchun Microelectronics Inc. - H Shares
Scene Cloud Global Limited,06656,"Sigenergy Technology Co., Ltd. - H Shares"
SCGC Capital Holding Company Limited,02560,"Anhui Conch Material Technology Co., Ltd. - H shares"
SCGC Capital Holding Company Limited,03355,FS.COM Ltd. - H Shares
Schonfeld,07618,"JINGDONG Industrials, Inc."
Schonfeld Strategic Advisors (Hong Kong) Limited,06166,"CIG SHANGHAI CO., LTD. - H shares"
Schroder Investment Management (Hong Kong) Limited,02050,"Zhejiang Sanhua Intelligent Controls Co., Ltd. - H shares"
Schroder Investment Management (Hong Kong) Limited,02259,Zijin Gold International Company Limited
Schroder Investment Management (Hong Kong) Limited,03200,"Shenzhen Han’s CNC Technology Co., Ltd. - H shares"
Schroder Investment Management (Hong Kong) Limited,09927,"Seres Group Co., Ltd. - H shares"
Schroder Investment Management (Singapore) Ltd,02050,"Zhejiang Sanhua Intelligent Controls Co., Ltd. - H shares"
Schroder Investment Management (Singapore) Ltd,02259,Zijin Gold International Company Limited
Schroder Investment Management (Singapore) Ltd,03200,"Shenzhen Han’s CNC Technology Co., Ltd. - H shares"
Schroder Investment Management (Singapore) Ltd,09927,"Seres Group Co., Ltd. - H shares"
Schroder Investment Management Limited,02050,"Zhejiang Sanhua Intelligent Controls Co., Ltd. - H shares"
Schroder Investment Management Limited,02259,Zijin Gold International Company Limited
Schroders,01879,"Shanghai Xizhi Technology Co., Ltd. - P - H Shares"
Schroders,03696,InSilico Medicine Cayman TopCo
SCV Alpha LP,09981,"Shenzhen Woer Heat-Shrinkable Material Co., Ltd. - H Shares"
SDG Asset Management (HK) Limited,02631,"SICC CO., LTD. - H shares"
SensePower,09678,"Unisound AI Technology Co., Ltd. - H shares"
Seraphim Advantage Inc.,06168,"Zhou Liu Fu Jewellery Co., Ltd. - H shares"
"Shaanxi Fast Auto Drive Group Co., Ltd.",06031,"SANY HEAVY INDUSTRY CO., LTD. - H shares"
Shanghai Gaoyi and CICC FT,03296,"Huaqin Co., Ltd. - H Shares"
Shanghai Gaoyi and CITIC Securities International Capital Management Limited,06031,"SANY HEAVY INDUSTRY CO., LTD. - H shares"
Shanghai Gaoyi and Huatai Capital Investment Limited (in connection with Gaoyi OTC Swaps),02579,"CNGR Advanced Material Co., Ltd. - H shares"
Shanghai Gaoyi Asset Management Partnership (Limited Partnership),02259,Zijin Gold International Company Limited
Shanghai Gaoyi Asset Management Partnership (Limited Partnership),02714,"Muyuan Foods Co., Ltd. - H shares"
Shanghai Gaoyi Asset Management Partnership (Limited Partnership),03750,"Contemporary Amperex Technology Co., Limited - H shares"
Shanghai Gaoyi Asset Management Partnership (Limited Partnership),09887,"Nanjing Leads Biolabs Co., Ltd. - B - H shares"
Shanghai Greenwoods and CICC Financial Trading Limited,06082,"Shanghai Biren Technology Co., Ltd.- H shares"
Shanghai Greenwoods and CICC FT (in connection with Greenwoods OTC Swaps),01879,"Shanghai Xizhi Technology Co., Ltd. - P - H Shares"
Shanghai Greenwoods and CITIC Securities International Capital Management Limited,01989,Delton Technology (Guangzhou) Inc. - H Shares
Shanghai Greenwoods and Huatai Capital Investment Limited,09981,"Shenzhen Woer Heat-Shrinkable Material Co., Ltd. - H Shares"
"Shanghai Greenwoods Asset Management Co., Ltd",02050,"Zhejiang Sanhua Intelligent Controls Co., Ltd. - H shares"
"Shanghai Greenwoods Asset Management Co., Ltd",02259,Zijin Gold International Company Limited
"Shanghai Greenwoods Asset Management Co., Ltd",03750,"Contemporary Amperex Technology Co., Limited - H shares"
"Shanghai Greenwoods Asset Management Co., Ltd and CICC Financial Trading Limited (in connection with Greenwoods OTC Swaps)",09973,"Chery Automobile Co., Ltd. - H shares"
"Shanghai Greenwoods Asset Management Co., Ltd.",02648,"Anjoy Foods Group Co., Ltd. - H shares"
"Shanghai Greenwoods Asset Management Co., Ltd.",03277,Gpixel Changchun Microelectronics Inc. - H Shares
"Shanghai Greenwoods Asset Management Co., Ltd.",03986,GigaDevice Semiconductor Inc. - H shares
"Shanghai Greenwoods Asset Management Co., Ltd. and CICC Financial Trading Limited",02788,Chuangxin Industries Holdings Limited
Shanghai Haitong Zhida Private Equity Investment Fund Partnership (Limited Partnership),06082,"Shanghai Biren Technology Co., Ltd.- H shares"
Shanghai Intewise Capital Investment Limited ultimate clients and CICC Financial Trading Limited (in connection with Shanghai Intewise OTC Swaps),03355,FS.COM Ltd. - H Shares
"Shanghai Lujiazui (Group) Co., Ltd.",06656,"Sigenergy Technology Co., Ltd. - H Shares"
Shanghai Pinpoint and CICC Financial Trading Limited,06031,"SANY HEAVY INDUSTRY CO., LTD. - H shares"
"Shanghai Tongyi Investment Management Co., Ltd. and Huatai Capital Investment Limited",06090,BUTONG GROUP
Shen Zhen New World Investment (H.K) Limited,09981,"Shenzhen Woer Heat-Shrinkable Material Co., Ltd. - H Shares"
"Shenwan Hongyuan Securities Co., Ltd.",02768,"Qingdao Gon Technology Co., Ltd. - H shares"
"Shenzhen Gaodeng Computer Technology Co., Ltd.",02560,"Anhui Conch Material Technology Co., Ltd. - H shares"
"Shenzhen Kaifeng Investment Management Co., Ltd., Changdu Kaifeng Investment Management Co., Ltd. and CICC FT (in connection with the Kaifeng OTC Swaps)",03355,FS.COM Ltd. - H Shares
"Shenzhen Lin Yuan Investment Management Co., Ltd.",09927,"Seres Group Co., Ltd. - H shares"
"Shenzhen Luohu Investment Holding Co., Ltd.",06168,"Zhou Liu Fu Jewellery Co., Ltd. - H shares"
Shenzhen Yongxin Industrial Investment Partnership Enterprise (Limited Partnership) and Guotai Junan Investments (Hong Kong) Limited (in connection with Shenzhen Yongxin OTC Swaps),02580,"AUX ELECTRIC CO., LTD."
Shining Light Grace Limited,03887,HashKey Holdings Limited
Shrewd Pioneer Limited,01021,"Guangdong Huayan Robotics Co., Ltd. - H Shares"
Sino Top Trading Limited,02589,"Auntea Jenny (Shanghai) Industrial Co., Ltd. - H shares"
Sino Top Trading Limited,06831,Green Tea Group Limited
Sinochem Hong Kong (Group) Company Limited,02714,"Muyuan Foods Co., Ltd. - H shares"
Sinohsc Honest Limited,02617,"TransThera Sciences (Nanjing), Inc. - B - H shares"
SinoMedia Holding Limited,03317,"Shenzhen Xunce Technology Co., Ltd.- H shares"
Sinopec (Hong Kong) Limited,03750,"Contemporary Amperex Technology Co., Limited - H shares"
Sinos Group Limited,09881,"Rongta Technology (Xiamen) Group Co., Ltd. - H shares"
Sky Royal Trading Limited,03986,GigaDevice Semiconductor Inc. - H shares
SKY ROYAL TRADING LIMITED,00501,"OmniVision Integrated Circuits Group, Inc. - H shares"
"Skyler International Co., Ltd",09927,"Seres Group Co., Ltd. - H shares"
SLD International Enterprises Limited,02768,"Qingdao Gon Technology Co., Ltd. - H shares"
Smart Ventures Limited,02889,PATEO CONNECT Technology (Shanghai) Corporation - H shares
Southeast Investment Holding,03677,"Jiangsu Zenergy Battery Technologies Group Co., Ltd.- H shares"
Space Z PTE. LTD.,03887,HashKey Holdings Limited
Sparky International Company Limited,02259,Zijin Gold International Company Limited
Sparky International Company Limited,02546,"Xizang Zhihui Mining Co., Ltd. - H shares"
Sparky International Company Limited,06693,"Chifeng Jilong Gold Mining Co., Ltd. - H shares"
Splendid Biotech Fund L.P.,09887,"Nanjing Leads Biolabs Co., Ltd. - B - H shares"
"Splendid Zhonghe (Tianjin) Investment Management Co., Ltd.",02493,"Mabwell (Shanghai) Bioscience Co., Ltd. - B - H Shares"
Springs Capital,01768,"BUSY MING GROUP CO., LTD.- H shares"
Springs Capital (Hong Kong) Limited,06938,"Suzhou Ribo Life Science Co., Ltd. - B - H shares"
SR Wealth Securities Limited,02476,"Victory Giant Technology (HuiZhou) Co., Ltd. - H Shares"
SS Morgan Capital Limited,02508,SAINT BELLA Inc.
Stoneylake Global Alpha Fund,03636,"Yunnan Jinxun Resources Co., Ltd. - H shares"
Stoneylake Global Alpha Fund,06687,JST Group Corporation Limited
Streamax Electronics Limited,03268,"MeiG Smart Technology Co., Ltd. - H Shares"
Summit Ridge Capital SP,03986,GigaDevice Semiconductor Inc. - H shares
Sunshine Life Insurance Corporation Limited,00068,Manycore Tech Inc.
Sunshine Life Insurance Corporation Limited,02476,"Victory Giant Technology (HuiZhou) Co., Ltd. - H Shares"
Sunwoda Treasury (Hong Kong) Limited,02701,Nsing Technologies Inc. - H Shares
Sunwoda Treasury (Hong Kong) Limited,03636,"Yunnan Jinxun Resources Co., Ltd. - H shares"
Sunwoda Treasury Hong Kong) Limited,02579,"CNGR Advanced Material Co., Ltd. - H shares"
Supercluster Universe Limited,03288,Foshan Haitian Flavouring and Food Company Ltd. - H shares
"Suzhou Harvest International Co., Limited",02561,VISEN Pharmaceuticals -B
Suzhou High-end Equipment Fund,03677,"Jiangsu Zenergy Battery Technologies Group Co., Ltd.- H shares"
Suzhou Suchuang Biomedical Health Venture Capital Fund Partnership,09606,"Duality Biotherapeutics, Inc. - B"
Suzhou Zhanxingtou Industrial Fund Partnership (Limited Partnership),02581,BenQ BM Holding Cayman Corp.
SynerSuccess Capital Ltd.,02657,"SHANGHAI FOREST CABIN COSMETICS GROUP CO., LTD. - H shares"
"T&D United Capital Co., Ltd.",01828,FWD Group Holdings Limited
Taibai Investments Pte. Ltd.,09980,"Eastroc Beverage (Group) Co., Ltd. - H shares"
Taibai Investments PTE. LTD.,03696,InSilico Medicine Cayman TopCo
Taihu Golden Valley,02692,"Shenzhen Zhaowei Machinery & Electronics Co., Ltd. - H Shares"
Taikang Life,01304,"Fortior Technology (Shenzhen) Co., Ltd.- H shares"
Taikang Life,01768,"BUSY MING GROUP CO., LTD.- H shares"
Taikang Life,03296,"Huaqin Co., Ltd. - H Shares"
Taikang Life,03696,InSilico Medicine Cayman TopCo
"Taikang Life Insurance Co., Ltd",00068,Manycore Tech Inc.
"Taikang Life Insurance Co., Ltd",00100,MiniMax Group Inc. - W - P
"Taikang Life Insurance Co., Ltd",02050,"Zhejiang Sanhua Intelligent Controls Co., Ltd. - H shares"
"Taikang Life Insurance Co., Ltd",02259,Zijin Gold International Company Limited
"Taikang Life Insurance Co., Ltd",02525,Hesai Group - W
"Taikang Life Insurance Co., Ltd",03986,GigaDevice Semiconductor Inc. - H shares
"Taikang Life Insurance Co., Ltd",06082,"Shanghai Biren Technology Co., Ltd.- H shares"
"Taikang Life Insurance Co., Ltd",06166,"CIG SHANGHAI CO., LTD. - H shares"
"Taikang Life Insurance Co., Ltd",06809,"Montage Technology Co., Ltd. - H shares"
"Taikang Life Insurance Co., Ltd",09980,"Eastroc Beverage (Group) Co., Ltd. - H shares"
"Taikang Life Insurance Co., Ltd.",02788,Chuangxin Industries Holdings Limited
"Taikang Life Insurance Co., Ltd.",03750,"Contemporary Amperex Technology Co., Limited - H shares"
"Taikang Life Insurance Co., Ltd.",06938,"Suzhou Ribo Life Science Co., Ltd. - B - H shares"
"Taller industrial Co., Limited",02621,Shouhui Group Ltd.
Tanwan Inc.,02476,"Victory Giant Technology (HuiZhou) Co., Ltd. - H Shares"
Tasly (Hong Kong) Pharmaceutical Investment Limited,06681,BrainAurora Medical Technology Limited - B
Tasly (International) Healthcare Investment & Development Enterprise Management Partnership (Limited Partnership),06681,BrainAurora Medical Technology Limited - B
Teamsun Technology (HK) Limited,09903,"Shanghai Iluvatar CoreX Semiconductor Co., Ltd. - H shares"
Tekful Limited,02675,"Shenzhen Edge Medical Co., Ltd.- B - H shares"
Temasek,01768,"BUSY MING GROUP CO., LTD.- H shares"
Temasek,01879,"Shanghai Xizhi Technology Co., Ltd. - P - H Shares"
"Tenbagger Capital (Shanghai, Ziran), LP",06938,"Suzhou Ribo Life Science Co., Ltd. - B - H shares"
"Tenbagger Capital Nengxin, LP",06938,"Suzhou Ribo Life Science Co., Ltd. - B - H shares"
Tencent,01768,"BUSY MING GROUP CO., LTD.- H shares"
Tencent,03696,InSilico Medicine Cayman TopCo
Tessy Holding Limited,06082,"Shanghai Biren Technology Co., Ltd.- H shares"
"TFI Investment Fund SPC (acting for and on behalf of its segregated portfolio, TFI Lakeside SP)",03378,"Hanx Biopharmaceuticals (Wuhan) Co., Ltd. - B - H shares"
The Biotech Growth Trust PLC,02595,GenFleet Therapeutics (Shanghai) Inc - B - H shares
The Biotech Growth Trust PLC,09887,"Nanjing Leads Biolabs Co., Ltd. - B - H shares"
The Reynold Lemkins Group (Asia) Limited,02573,"Newtrend Group Holding Co., Ltd. - H shares"
The Reynold Lemkins Group (Asia) Limited,02592,Cloudbreak Pharma Inc. - B
"Tianhong Asset Management Co., Ltd.",02476,"Victory Giant Technology (HuiZhou) Co., Ltd. - H Shares"
"Tibet Longrising Asset Management Co., Ltd.",03200,"Shenzhen Han’s CNC Technology Co., Ltd. - H shares"
"Tibet Longrising Asset Management Co., Ltd. and CICC Financial Trading Limited (in connection with Tibet Longrising OTC Swaps)",02580,"AUX ELECTRIC CO., LTD."
Timber Kangaroo Capital Limited,02603,"Xiamen Jihong Co., Ltd - H shares"
"Tiny Jade Holdings Co., Limited",02671,"USAS Building System (Shanghai) Co., Ltd. - H shares"
Tongzhou International Development Limited,02597,"Beijing Xunzhong Communication Technology Co., Ltd. - H shares"
Top Legend SPC for and on behalf of Ocean One SP,02625,Jiangsu Horizon Chain Supermarket Company Limited - H shares
Topstar Worldwide,02692,"Shenzhen Zhaowei Machinery & Electronics Co., Ltd. - H Shares"
Torus,01304,"Fortior Technology (Shenzhen) Co., Ltd.- H shares"
Treasure-stone Investment Group Limited,02718,Mininglamp Technology - W
Tropical Terrain Limited,02476,"Victory Giant Technology (HuiZhou) Co., Ltd. - H Shares"
Tropical Terrain Limited,06656,"Sigenergy Technology Co., Ltd. - H Shares"
True Light Investments H Pte. Ltd.,09980,"Eastroc Beverage (Group) Co., Ltd. - H shares"
TruMed Health Innovation Fund LP,02595,GenFleet Therapeutics (Shanghai) Inc - B - H shares
TruMed Health Innovation Fund LP,02698,Softcare Limited
TruMed Health Innovation Fund LP,09887,"Nanjing Leads Biolabs Co., Ltd. - B - H shares"
TruMed Healthcare Master Fund,02595,GenFleet Therapeutics (Shanghai) Inc - B - H shares
TruMed Healthcare Master Fund,02698,Softcare Limited
TruMed Healthcare Master Fund,09887,"Nanjing Leads Biolabs Co., Ltd. - B - H shares"
"TruMed Healthcare Master Fund, ABS Direct Equity Fund LLC Asia Series 11 and TruMed Health Innovation Fund LP",09606,"Duality Biotherapeutics, Inc. - B"
Turing International Limited,06166,"CIG SHANGHAI CO., LTD. - H shares"
"TURQUOISE HIME, L.P.",02788,Chuangxin Industries Holdings Limited
UBS AM,01879,"Shanghai Xizhi Technology Co., Ltd. - P - H Shares"
UBS AM Singapore,03296,"Huaqin Co., Ltd. - H Shares"
UBS Asset Management (Singapore) Limited,03750,"Contemporary Amperex Technology Co., Limited - H shares"
UBS Asset Management (Singapore) Ltd.,00325,Bloks Group Limited
UBS Asset Management (Singapore) Ltd.,00501,"OmniVision Integrated Circuits Group, Inc. - H shares"
UBS Asset Management (Singapore) Ltd.,01276,"Jiangsu Hengrui Pharmaceuticals Co., Ltd. - H shares"
UBS Asset Management (Singapore) Ltd.,01989,Delton Technology (Guangzhou) Inc. - H Shares
UBS Asset Management (Singapore) Ltd.,02259,Zijin Gold International Company Limited
UBS Asset Management (Singapore) Ltd.,02595,GenFleet Therapeutics (Shanghai) Inc - B - H shares
UBS Asset Management (Singapore) Ltd.,02675,"Shenzhen Edge Medical Co., Ltd.- B - H shares"
UBS Asset Management (Singapore) Ltd.,02714,"Muyuan Foods Co., Ltd. - H shares"
UBS Asset Management (Singapore) Ltd.,03277,Gpixel Changchun Microelectronics Inc. - H Shares
UBS Asset Management (Singapore) Ltd.,03288,Foshan Haitian Flavouring and Food Company Ltd. - H shares
UBS Asset Management (Singapore) Ltd.,03696,InSilico Medicine Cayman TopCo
UBS Asset Management (Singapore) Ltd.,03887,HashKey Holdings Limited
UBS Asset Management (Singapore) Ltd.,06031,"SANY HEAVY INDUSTRY CO., LTD. - H shares"
UBS Asset Management (Singapore) Ltd.,06082,"Shanghai Biren Technology Co., Ltd.- H shares"
UBS Asset Management (Singapore) Ltd.,06603,IFBH Limited
UBS Asset Management (Singapore) Ltd.,06613,"Lens Technology Co., Ltd. - H shares"
UBS Asset Management (Singapore) Ltd.,06656,"Sigenergy Technology Co., Ltd. - H Shares"
UBS Asset Management (Singapore) Ltd.,06809,"Montage Technology Co., Ltd. - H shares"
UBS Asset Management (Singapore) Ltd.,09903,"Shanghai Iluvatar CoreX Semiconductor Co., Ltd. - H shares"
UBS Asset Management (Singapore) Ltd.,09980,"Eastroc Beverage (Group) Co., Ltd. - H shares"
"Valin Group Hongkong International Trade Co., Limited",02580,"AUX ELECTRIC CO., LTD."
Valliance Asset Management Limited,00600,"Axera Semiconductor Co., Ltd. - H shares"
Value Partners Hong Kong Limited,03277,Gpixel Changchun Microelectronics Inc. - H Shares
Value Partners Hong Kong Limited and Value Partners Limited,01989,Delton Technology (Guangzhou) Inc. - H Shares
Value Partners Hong Kong Limited and Value Partners Limited,06031,"SANY HEAVY INDUSTRY CO., LTD. - H shares"
Value Partners Limited,03277,Gpixel Changchun Microelectronics Inc. - H Shares
Vandi Investments Limited,00699,NINGBO JOYSON ELECTRONIC CORP.- H shares
"VEKEN (HONGKONG) ECONOMIC AND TRADE CO., LIMITED",02543,"DAHON TECH (SHENZHEN) CO., LTD. - H shares"
Velmar Company Limited,09980,"Eastroc Beverage (Group) Co., Ltd. - H shares"
Vered Holdings (Hong Kong) Limited,03317,"Shenzhen Xunce Technology Co., Ltd.- H shares"
Verition Multi-Strategy Master Fund Ltd.,02050,"Zhejiang Sanhua Intelligent Controls Co., Ltd. - H shares"
Verition Multi-Strategy Master Fund Ltd.,06613,"Lens Technology Co., Ltd. - H shares"
Virtues Capital and China Securities International Investment Company Limited,02692,"Shenzhen Zhaowei Machinery & Electronics Co., Ltd. - H Shares"
"Vivo Opportunity Caymen Fund, L.P.",02595,GenFleet Therapeutics (Shanghai) Inc - B - H shares
"Vivo Opportunity Fund Holdings, L.P.",02595,GenFleet Therapeutics (Shanghai) Inc - B - H shares
Vivo Plenilune IX Limited,02561,VISEN Pharmaceuticals -B
Voyage42 Master Fund,03277,Gpixel Changchun Microelectronics Inc. - H Shares
VVC Technology,02692,"Shenzhen Zhaowei Machinery & Electronics Co., Ltd. - H Shares"
VVC Technology Fund Ltd.,01021,"Guangdong Huayan Robotics Co., Ltd. - H Shares"
W Investment,02692,"Shenzhen Zhaowei Machinery & Electronics Co., Ltd. - H Shares"
Wang Qianqing / 汪牽擎,02508,SAINT BELLA Inc.
Wealth Strategy Holding Limited,02592,Cloudbreak Pharma Inc. - B
Wealth Strategy Holdings Limited,03317,"Shenzhen Xunce Technology Co., Ltd.- H shares"
"Weichai Power Hong Kong International Development Co., Ltd.",06031,"SANY HEAVY INDUSTRY CO., LTD. - H shares"
Welight Capital L.P.,03880,Medtide Inc. - H shares
Wider Huge Group Limited,03355,FS.COM Ltd. - H Shares
Wildlife Willow Limited,00501,"OmniVision Integrated Circuits Group, Inc. - H shares"
WILL semiconductor Limited,00600,"Axera Semiconductor Co., Ltd. - H shares"
WILL semiconductor Limited,09611,"Shanghai Longcheer Technology Co., Ltd.- H shares"
WILL Semiconductor Limited,03200,"Shenzhen Han’s CNC Technology Co., Ltd. - H shares"
Wilmar – HPRY Holdings Limited,02714,"Muyuan Foods Co., Ltd. - H shares"
Wilmar – Wii Pte Ltd,02714,"Muyuan Foods Co., Ltd. - H shares"
Wind Sabre,01304,"Fortior Technology (Shenzhen) Co., Ltd.- H shares"
Wind Sabre Fund SPC,02476,"Victory Giant Technology (HuiZhou) Co., Ltd. - H Shares"
Wind Sabre Fund SPC acting on behalf and for the account of Wind Sabre Opportunities Fund SP,09903,"Shanghai Iluvatar CoreX Semiconductor Co., Ltd. - H shares"
Wind Sabre Fund SPC on behalf of Wind Sabre Opportunities Fund SP,02050,"Zhejiang Sanhua Intelligent Controls Co., Ltd. - H shares"
Wind Sabre Fund SPC on behalf of Wind Sabre Opportunities Fund SP,03200,"Shenzhen Han’s CNC Technology Co., Ltd. - H shares"
Wind Sabre Fund SPC on behalf of Wind Sabre Opportunities Fund SP,03986,GigaDevice Semiconductor Inc. - H shares
Wind Sabre Fund SPC on behalf of Wind Sabre Opportunities Fund SP,06600,"OneRobotics (Shenzhen) Co., Ltd.- H shares"
Worldwide Healthcare Partners LLC,09606,"Duality Biotherapeutics, Inc. - B"
WT Asset Management Limited,02525,Hesai Group - W
WT Asset Management Limited,03277,Gpixel Changchun Microelectronics Inc. - H Shares
WT Asset Management Limited,03355,FS.COM Ltd. - H Shares
WT Asset Management Limited,03750,"Contemporary Amperex Technology Co., Limited - H shares"
WT Asset Management Limited,06031,"SANY HEAVY INDUSTRY CO., LTD. - H shares"
WT Asset Management Limited,06082,"Shanghai Biren Technology Co., Ltd.- H shares"
WT Asset Management Limited,06687,JST Group Corporation Limited
Wu Xinghua,02671,"USAS Building System (Shanghai) Co., Ltd. - H shares"
"Wuhu Artec Biotechnology Co., Ltd.",02560,"Anhui Conch Material Technology Co., Ltd. - H shares"
WuXi Biologics HealthCare Venture,02493,"Mabwell (Shanghai) Bioscience Co., Ltd. - B - H Shares"
WuXi Biologics HealthCare Venture,02561,VISEN Pharmaceuticals -B
"Wuxi Hexiang Food Co., Ltd.",06831,Green Tea Group Limited
Wuxi Jinchou and GTHT (in connection with Wuxi Jinchou OTC Swaps),00470,"WUXI LEAD INTELLIGENT EQUIPMENT CO., LTD. - H shares"
"Wuxi Lvlian Food Co., Ltd.",06831,Green Tea Group Limited
"Wuxi Qinyu Food Co., Ltd.",06831,Green Tea Group Limited
"Wuxi Zixian Food Co., Ltd.",06831,Green Tea Group Limited
Xiamen Advanced Intelligent Manufacturing Industry Investment Limited,02726,"Epiworld International Co., Ltd. - H Shares"
Xin Ma Apparel International Limited,00600,"Axera Semiconductor Co., Ltd. - H shares"
Xingyu Automotive Lighting (Hong Kong) Company Limited,09927,"Seres Group Co., Ltd. - H shares"
Xingyu Automotive Lighting (Hong Kong) Company Limited,09973,"Chery Automobile Co., Ltd. - H shares"
"XINWUTANG CO., LIMITED",06810,"Shanghai Sunmi Technology Co., Ltd. - W - H Shares"
Xiongan Intelligent Robot Limited,02590,"Beijing Geekplus Technology Co., Ltd. - W - H shares"
XN Mountain International Limited,09903,"Shanghai Iluvatar CoreX Semiconductor Co., Ltd. - H shares"
Ye Guofu,02476,"Victory Giant Technology (HuiZhou) Co., Ltd. - H Shares"
Yeebo Alpha Limited,06082,"Shanghai Biren Technology Co., Ltd.- H shares"
Yield Royal Investment Holding (Singapore) PTE. LTD.,02657,"SHANGHAI FOREST CABIN COSMETICS GROUP CO., LTD. - H shares"
Yield Royal Investment Holding (Singapore) PTE. LTD.,03277,Gpixel Changchun Microelectronics Inc. - H Shares
Yield Royal Investment Holding (Singapore) PTE. LTD.,09981,"Shenzhen Woer Heat-Shrinkable Material Co., Ltd. - H Shares"
Yingke No. 1 (Hongkong) Limited,02632,"Jiangsu New Vision Automotive Electronics Co., Ltd. - H Shares"
Yizekangrui Medical Limited,02565,"PegBio Co., Ltd. - B - H shares"
Yong Rong (HK) Asset Management Limited,02476,"Victory Giant Technology (HuiZhou) Co., Ltd. - H Shares"
Yongcheng No. 2 Hong Kong Limited,06168,"Zhou Liu Fu Jewellery Co., Ltd. - H shares"
York House Investment Limited,03317,"Shenzhen Xunce Technology Co., Ltd.- H shares"
YStem Holding Limited,03378,"Hanx Biopharmaceuticals (Wuhan) Co., Ltd. - B - H shares"
Yuanfeng Asset Management and GTINV,01989,Delton Technology (Guangzhou) Inc. - H Shares
Yulong International Capital Limited,02603,"Xiamen Jihong Co., Ltd - H shares"
Yunfeng Capital New Alternative Limited,02476,"Victory Giant Technology (HuiZhou) Co., Ltd. - H Shares"
Yunfeng Investments Limited,06809,"Montage Technology Co., Ltd. - H shares"
Zenith Hop International Limited,03750,"Contemporary Amperex Technology Co., Limited - H shares"
Zeta Wisdom OFC,02408,"Guangzhou Xiao Noodles Catering Management Co., Ltd.- H shares"
Zeyuanli Wangtian No.22 Private Equity Securities Investment Fund,02635,"Nuobikan Artificial Intelligence Technology (Chengdu) Co., Ltd. - H shares"
Zhengjin International,06636,"Shandong Extreme Vision Technology Co., Ltd. - H Shares"
Zhengxin Group Investment Limited,03636,"Yunnan Jinxun Resources Co., Ltd. - H shares"
Zhengxin Group Investment Limited,03858,Jiaxin International Resources Investment Limited
Zhink International Pte. Ltd.,09927,"Seres Group Co., Ltd. - H shares"
Zhongsheng Holdings Company Limited,09927,"Seres Group Co., Ltd. - H shares"
"Zhuhai Gokin New Energy Investment Co., Ltd",02865,"Hainan Drinda New Energy Technology Co., Ltd. - H shares"
ZTE (H.K.) Limited,09903,"Shanghai Iluvatar CoreX Semiconductor Co., Ltd. - H shares"
ZTE HK,01879,"Shanghai Xizhi Technology Co., Ltd. - P - H Shares"
